ts,plant_id,irradiance_wm2,temp_ambient_c,temp_module_c,power_ac_kw,power_dc_kw,energy_daily_kwh,energy_total_kwh,label_is_fault,fault_type,fault_severity,expected_power_ac_kw
2025-01-01T00:00:00,1,2.16,20.63,20.69,0.002,0.0033,0.0005,0.0005,0,,0,0.002
2025-01-01T00:00:00,2,0.0,3.05,3.05,0.0,0.0067,0.0,0.0,0,,0,0.0
2025-01-01T00:00:00,3,0.56,13.5,13.51,0.0,0.0,0.0,0.0,0,,0,0.0
2025-01-01T00:00:00,4,0.0,17.17,17.17,0.0365,0.0365,0.0091,0.0091,0,,0,0.0365
2025-01-01T00:00:00,5,0.0,18.48,18.48,0.0,0.0121,0.0,0.0,0,,0,0.0
2025-01-01T00:00:00,6,1.19,23.55,23.58,0.0,0.0,0.0,0.0,0,,0,0.0
2025-01-01T00:00:00,7,0.0,16.99,16.99,0.0,0.0,0.0,0.0,0,,0,0.0
2025-01-01T00:00:00,8,0.09,0.41,0.41,0.0163,0.0163,0.0041,0.0041,0,,0,0.0163
2025-01-01T00:15:00,1,1.7,21.51,21.56,0.0165,0.0165,0.0046,0.0046,0,,0,0.0165
2025-01-01T00:15:00,2,0.98,4.95,4.98,0.0,0.0051,0.0,0.0,0,,0,0.0
2025-01-01T00:15:00,3,0.92,12.81,12.84,0.0306,0.0306,0.0076,0.0076,0,,0,0.0306
2025-01-01T00:15:00,4,4.2,17.12,17.24,0.0302,0.0302,0.0167,0.0167,0,,0,0.0302
2025-01-01T00:15:00,5,0.37,19.46,19.47,0.0227,0.0227,0.0057,0.0057,0,,0,0.0227
2025-01-01T00:15:00,6,0.0,24.07,24.07,0.0,0.0,0.0,0.0,0,,0,0.0
2025-01-01T00:15:00,7,0.75,16.31,16.33,0.0062,0.0062,0.0015,0.0015,0,,0,0.0062
2025-01-01T00:15:00,8,0.0,0.68,0.68,0.0,0.0015,0.0041,0.0041,0,,0,0.0
2025-01-01T00:30:00,1,0.0,22.57,22.57,0.0,0.0038,0.0046,0.0046,0,,0,0.0
2025-01-01T00:30:00,2,0.53,4.89,4.9,0.0022,0.0022,0.0006,0.0006,0,,0,0.0022
2025-01-01T00:30:00,3,1.28,12.31,12.35,0.0248,0.0248,0.0138,0.0138,0,,0,0.0248
2025-01-01T00:30:00,4,1.43,17.35,17.4,0.0088,0.0088,0.0189,0.0189,0,,0,0.0088
2025-01-01T00:30:00,5,2.09,19.17,19.24,0.0,0.0,0.0057,0.0057,0,,0,0.0
2025-01-01T00:30:00,6,0.0,24.6,24.6,0.0,0.0,0.0,0.0,0,,0,0.0
2025-01-01T00:30:00,7,0.0,15.83,15.83,0.0,0.0,0.0015,0.0015,0,,0,0.0
2025-01-01T00:30:00,8,3.84,0.88,1.0,0.0,0.0,0.0041,0.0041,0,,0,0.0
2025-01-01T00:45:00,1,0.0,22.16,22.16,0.0165,0.0165,0.0088,0.0088,0,,0,0.0165
2025-01-01T00:45:00,2,0.0,3.87,3.87,0.0,0.0,0.0006,0.0006,0,,0,0.0
2025-01-01T00:45:00,3,1.13,11.58,11.62,0.0273,0.0273,0.0206,0.0206,0,,0,0.0273
2025-01-01T00:45:00,4,0.0,16.06,16.06,0.0088,0.0105,0.0211,0.0211,0,,0,0.0088
2025-01-01T00:45:00,5,1.69,18.23,18.28,0.0,0.0,0.0057,0.0057,0,,0,0.0
2025-01-01T00:45:00,6,0.0,24.22,24.22,0.0,0.0,0.0,0.0,0,,0,0.0
2025-01-01T00:45:00,7,1.09,16.07,16.1,0.0,0.0,0.0015,0.0015,0,,0,0.0
2025-01-01T00:45:00,8,0.85,0.92,0.94,0.0058,0.0058,0.0055,0.0055,0,,0,0.0058
2025-01-01T01:00:00,1,0.0,21.87,21.87,0.0054,0.0071,0.0101,0.0101,0,,0,0.0054
2025-01-01T01:00:00,2,2.16,4.94,5.0,0.0019,0.0019,0.001,0.001,0,,0,0.0019
2025-01-01T01:00:00,3,0.86,13.58,13.61,0.0,0.0,0.0206,0.0206,0,,0,0.0
2025-01-01T01:00:00,4,0.0,18.48,18.48,0.04,0.04,0.0311,0.0311,0,,0,0.04
2025-01-01T01:00:00,5,3.45,18.82,18.92,0.0,0.0105,0.0057,0.0057,0,,0,0.0
2025-01-01T01:00:00,6,0.34,24.42,24.43,0.0,0.0,0.0,0.0,0,,0,0.0
2025-01-01T01:00:00,7,1.99,14.72,14.78,0.0055,0.0055,0.0029,0.0029,0,,0,0.0055
2025-01-01T01:00:00,8,0.0,-0.58,-0.58,0.0,0.0029,0.0055,0.0055,0,,0,0.0
2025-01-01T01:15:00,1,0.66,22.57,22.59,0.0,0.0026,0.0101,0.0101,0,,0,0.0
2025-01-01T01:15:00,2,1.61,2.57,2.62,0.0337,0.0337,0.0095,0.0095,0,,0,0.0337
2025-01-01T01:15:00,3,0.0,10.38,10.38,0.0,0.0097,0.0206,0.0206,0,,0,0.0
2025-01-01T01:15:00,4,0.0,16.7,16.7,0.0,0.0,0.0311,0.0311,0,,0,0.0
2025-01-01T01:15:00,5,0.0,19.37,19.37,0.0029,0.0077,0.0064,0.0064,0,,0,0.0029
2025-01-01T01:15:00,6,1.09,25.08,25.12,0.0,0.0,0.0,0.0,0,,0,0.0
2025-01-01T01:15:00,7,0.0,16.87,16.87,0.0153,0.0153,0.0067,0.0067,0,,0,0.0153
2025-01-01T01:15:00,8,0.55,0.12,0.14,0.0,0.0,0.0055,0.0055,0,,0,0.0
2025-01-01T01:30:00,1,0.53,22.71,22.72,0.0165,0.0165,0.0142,0.0142,0,,0,0.0165
2025-01-01T01:30:00,2,2.34,4.2,4.27,0.0182,0.0182,0.014,0.014,0,,0,0.0182
2025-01-01T01:30:00,3,0.0,14.11,14.11,0.0,0.0,0.0206,0.0206,0,,0,0.0
2025-01-01T01:30:00,4,0.92,17.62,17.64,0.0203,0.0203,0.0361,0.0361,0,,0,0.0203
2025-01-01T01:30:00,5,0.81,18.4,18.42,0.0415,0.0415,0.0168,0.0168,0,,0,0.0415
2025-01-01T01:30:00,6,2.23,24.22,24.28,0.0,0.0,0.0,0.0,0,,0,0.0
2025-01-01T01:30:00,7,1.53,16.19,16.24,0.0,0.0,0.0067,0.0067,0,,0,0.0
2025-01-01T01:30:00,8,0.0,1.13,1.13,0.0,0.0,0.0055,0.0055,0,,0,0.0
2025-01-01T01:45:00,1,0.0,22.72,22.72,0.0,0.0061,0.0142,0.0142,0,,0,0.0
2025-01-01T01:45:00,2,0.0,4.3,4.3,0.0,0.0002,0.014,0.014,0,,0,0.0
2025-01-01T01:45:00,3,2.31,13.26,13.33,0.0072,0.0072,0.0224,0.0224,0,,0,0.0072
2025-01-01T01:45:00,4,1.08,16.95,16.98,0.0048,0.0048,0.0373,0.0373,0,,0,0.0048
2025-01-01T01:45:00,5,0.8,18.74,18.76,0.0,0.0094,0.0168,0.0168,0,,0,0.0
2025-01-01T01:45:00,6,0.0,23.41,23.41,0.0,0.0,0.0,0.0,0,,0,0.0
2025-01-01T01:45:00,7,3.0,14.47,14.56,0.0351,0.0351,0.0155,0.0155,0,,0,0.0351
2025-01-01T01:45:00,8,2.93,0.42,0.5,0.0,0.0,0.0055,0.0055,0,,0,0.0
2025-01-01T02:00:00,1,0.0,21.65,21.65,0.0155,0.0155,0.0181,0.0181,0,,0,0.0155
2025-01-01T02:00:00,2,0.84,4.53,4.55,0.0007,0.0007,0.0142,0.0142,0,,0,0.0007
2025-01-01T02:00:00,3,0.8,14.11,14.13,0.0,0.0,0.0224,0.0224,0,,0,0.0
2025-01-01T02:00:00,4,0.63,15.91,15.93,0.0,0.0114,0.0373,0.0373,0,,0,0.0
2025-01-01T02:00:00,5,0.65,19.64,19.66,0.0,0.0,0.0168,0.0168,0,,0,0.0
2025-01-01T02:00:00,6,0.0,25.66,25.66,0.0198,0.0198,0.005,0.005,0,,0,0.0198
2025-01-01T02:00:00,7,0.0,15.42,15.42,0.0066,0.0066,0.0171,0.0171,0,,0,0.0066
2025-01-01T02:00:00,8,0.85,-0.64,-0.62,0.0115,0.0115,0.0084,0.0084,0,,0,0.0115
2025-01-01T02:15:00,1,0.0,22.34,22.34,0.0289,0.0289,0.0253,0.0253,0,,0,0.0289
2025-01-01T02:15:00,2,0.0,4.56,4.56,0.0081,0.0143,0.0162,0.0162,0,,0,0.0081
2025-01-01T02:15:00,3,3.35,12.12,12.22,0.0007,0.0009,0.0226,0.0226,0,,0,0.0007
2025-01-01T02:15:00,4,0.0,17.06,17.06,0.0,0.0,0.0373,0.0373,0,,0,0.0
2025-01-01T02:15:00,5,0.97,21.16,21.19,0.0,0.0,0.0168,0.0168,0,,0,0.0
2025-01-01T02:15:00,6,0.0,24.06,24.06,0.007,0.007,0.0067,0.0067,0,,0,0.007
2025-01-01T02:15:00,7,1.47,15.67,15.71,0.0263,0.0263,0.0237,0.0237,0,,0,0.0263
2025-01-01T02:15:00,8,1.86,1.19,1.24,0.0,0.0,0.0084,0.0084,0,,0,0.0
2025-01-01T02:30:00,1,0.0,20.97,20.97,0.0056,0.0056,0.0267,0.0267,0,,0,0.0056
2025-01-01T02:30:00,2,0.81,3.4,3.43,0.0,0.0071,0.0162,0.0162,0,,0,0.0
2025-01-01T02:30:00,3,0.0,13.73,13.73,0.0019,0.0019,0.0231,0.0231,0,,0,0.0019
2025-01-01T02:30:00,4,0.0,16.8,16.8,0.0,0.0,0.0373,0.0373,0,,0,0.0
2025-01-01T02:30:00,5,2.55,20.06,20.14,0.012,0.012,0.0198,0.0198,0,,0,0.012
2025-01-01T02:30:00,6,0.8,24.53,24.55,0.0,0.0,0.0067,0.0067,0,,0,0.0
2025-01-01T02:30:00,7,1.07,15.96,16.0,0.0091,0.0091,0.026,0.026,0,,0,0.0091
2025-01-01T02:30:00,8,1.46,0.84,0.88,0.0,0.0,0.0084,0.0084,0,,0,0.0
2025-01-01T02:45:00,1,0.0,23.31,23.31,0.005,0.0214,0.028,0.028,0,,0,0.005
2025-01-01T02:45:00,2,0.48,4.39,4.4,0.0,0.0082,0.0162,0.0162,0,,0,0.0
2025-01-01T02:45:00,3,0.0,14.05,14.05,0.0,0.0032,0.0231,0.0231,0,,0,0.0
2025-01-01T02:45:00,4,1.17,17.19,17.23,0.0175,0.0175,0.0417,0.0417,0,,0,0.0175
2025-01-01T02:45:00,5,0.0,18.46,18.46,0.0,0.0019,0.0198,0.0198,0,,0,0.0
2025-01-01T02:45:00,6,0.55,24.46,24.48,0.0,0.0052,0.0067,0.0067,0,,0,0.0
2025-01-01T02:45:00,7,0.0,15.34,15.34,0.0,0.0086,0.026,0.026,0,,0,0.0
2025-01-01T02:45:00,8,1.04,0.51,0.54,0.0,0.0214,0.0084,0.0084,0,,0,0.0
2025-01-01T03:00:00,1,1.38,22.22,22.27,0.0088,0.0088,0.0302,0.0302,0,,0,0.0088
2025-01-01T03:00:00,2,0.0,4.45,4.45,0.0,0.0051,0.0162,0.0162,0,,0,0.0
2025-01-01T03:00:00,3,0.55,13.63,13.64,0.0098,0.0098,0.0255,0.0255,0,,0,0.0098
2025-01-01T03:00:00,4,0.0,17.05,17.05,0.0,0.0,0.0417,0.0417,0,,0,0.0
2025-01-01T03:00:00,5,0.0,18.54,18.54,0.0,0.0082,0.0198,0.0198,0,,0,0.0
2025-01-01T03:00:00,6,0.65,24.06,24.08,0.0,0.0,0.0067,0.0067,0,,0,0.0
2025-01-01T03:00:00,7,0.0,15.21,15.21,0.0,0.0116,0.026,0.026,0,,0,0.0
2025-01-01T03:00:00,8,0.0,0.03,0.03,0.0,0.0056,0.0084,0.0084,0,,0,0.0
2025-01-01T03:15:00,1,1.19,21.7,21.74,0.0125,0.0125,0.0333,0.0333,0,,0,0.0125
2025-01-01T03:15:00,2,0.0,3.28,3.28,0.0555,0.0555,0.0301,0.0301,0,,0,0.0555
2025-01-01T03:15:00,3,0.0,14.28,14.28,0.0024,0.0024,0.0261,0.0261,0,,0,0.0024
2025-01-01T03:15:00,4,3.56,15.13,15.24,0.0,0.0039,0.0417,0.0417,0,,0,0.0
2025-01-01T03:15:00,5,1.38,20.01,20.05,0.0,0.0,0.0198,0.0198,0,,0,0.0
2025-01-01T03:15:00,6,0.0,24.46,24.46,0.0036,0.0099,0.0076,0.0076,0,,0,0.0036
2025-01-01T03:15:00,7,1.83,14.86,14.91,0.019,0.019,0.0307,0.0307,0,,0,0.019
2025-01-01T03:15:00,8,0.0,1.87,1.87,0.0199,0.0199,0.0134,0.0134,0,,0,0.0199
2025-01-01T03:30:00,1,0.76,21.31,21.34,0.001,0.0172,0.0336,0.0336,0,,0,0.001
2025-01-01T03:30:00,2,1.91,4.0,4.05,0.016,0.016,0.0341,0.0341,0,,0,0.016
2025-01-01T03:30:00,3,1.13,12.56,12.59,0.0001,0.0001,0.0262,0.0262,0,,0,0.0001
2025-01-01T03:30:00,4,1.26,17.14,17.18,0.0,0.0162,0.0417,0.0417,0,,0,0.0
2025-01-01T03:30:00,5,1.43,17.87,17.92,0.0083,0.0083,0.0218,0.0218,0,,0,0.0083
2025-01-01T03:30:00,6,2.48,24.5,24.57,0.0,0.0352,0.0076,0.0076,0,,0,0.0
2025-01-01T03:30:00,7,3.15,16.27,16.36,0.02,0.02,0.0357,0.0357,0,,0,0.02
2025-01-01T03:30:00,8,0.0,2.79,2.79,0.0,0.0,0.0134,0.0134,0,,0,0.0
2025-01-01T03:45:00,1,0.0,22.15,22.15,0.025,0.025,0.0398,0.0398,0,,0,0.025
2025-01-01T03:45:00,2,0.0,4.66,4.66,0.0,0.0,0.0341,0.0341,0,,0,0.0
2025-01-01T03:45:00,3,0.0,12.93,12.93,0.0,0.0,0.0262,0.0262,0,,0,0.0
2025-01-01T03:45:00,4,0.45,17.93,17.94,0.008,0.008,0.0437,0.0437,0,,0,0.008
2025-01-01T03:45:00,5,0.0,19.38,19.38,0.0,0.0,0.0218,0.0218,0,,0,0.0
2025-01-01T03:45:00,6,0.0,24.94,24.94,0.0338,0.0338,0.0161,0.0161,0,,0,0.0338
2025-01-01T03:45:00,7,0.23,16.79,16.8,0.0,0.0,0.0357,0.0357,0,,0,0.0
2025-01-01T03:45:00,8,2.6,0.43,0.5,0.0,0.0,0.0134,0.0134,0,,0,0.0
2025-01-01T04:00:00,1,0.47,21.7,21.72,0.0,0.0,0.0398,0.0398,0,,0,0.0
2025-01-01T04:00:00,2,0.0,3.43,3.43,0.0301,0.0301,0.0416,0.0416,0,,0,0.0301
2025-01-01T04:00:00,3,2.02,13.23,13.29,0.0129,0.0129,0.0294,0.0294,0,,0,0.0129
2025-01-01T04:00:00,4,1.41,15.59,15.63,0.0177,0.0177,0.0481,0.0481,0,,0,0.0177
2025-01-01T04:00:00,5,0.0,19.67,19.67,0.035,0.035,0.0306,0.0306,0,,0,0.035
2025-01-01T04:00:00,6,0.0,24.79,24.79,0.0035,0.0063,0.0169,0.0169,0,,0,0.0035
2025-01-01T04:00:00,7,0.0,16.59,16.59,0.0,0.0,0.0357,0.0357,0,,0,0.0
2025-01-01T04:00:00,8,2.4,2.16,2.23,0.0079,0.0079,0.0154,0.0154,0,,0,0.0079
2025-01-01T04:15:00,1,1.18,21.98,22.02,0.0,0.0,0.0398,0.0398,0,,0,0.0
2025-01-01T04:15:00,2,0.0,3.46,3.46,0.0055,0.0071,0.043,0.043,0,,0,0.0055
2025-01-01T04:15:00,3,0.0,14.2,14.2,0.0,0.0,0.0294,0.0294,0,,0,0.0
2025-01-01T04:15:00,4,0.0,16.22,16.22,0.0,0.0008,0.0481,0.0481,0,,0,0.0
2025-01-01T04:15:00,5,0.64,18.1,18.12,0.0,0.0,0.0306,0.0306,0,,0,0.0
2025-01-01T04:15:00,6,0.13,23.26,23.26,0.0,0.0,0.0169,0.0169,0,,0,0.0
2025-01-01T04:15:00,7,0.0,15.7,15.7,0.0,0.0,0.0357,0.0357,0,,0,0.0
2025-01-01T04:15:00,8,0.0,1.99,1.99,0.022,0.022,0.0208,0.0208,0,,0,0.022
2025-01-01T04:30:00,1,0.0,21.61,21.61,0.0079,0.0079,0.0418,0.0418,0,,0,0.0079
2025-01-01T04:30:00,2,0.53,3.3,3.31,0.0,0.0023,0.043,0.043,0,,0,0.0
2025-01-01T04:30:00,3,0.32,12.56,12.57,0.0,0.0023,0.0294,0.0294,0,,0,0.0
2025-01-01T04:30:00,4,0.0,18.25,18.25,0.0,0.0,0.0481,0.0481,0,,0,0.0
2025-01-01T04:30:00,5,0.83,19.49,19.51,0.0358,0.0358,0.0395,0.0395,0,,0,0.0358
2025-01-01T04:30:00,6,0.0,25.75,25.75,0.0259,0.0259,0.0234,0.0234,0,,0,0.0259
2025-01-01T04:30:00,7,0.55,15.63,15.65,0.0046,0.0074,0.0369,0.0369,0,,0,0.0046
2025-01-01T04:30:00,8,0.0,1.14,1.14,0.0102,0.0102,0.0234,0.0234,0,,0,0.0102
2025-01-01T04:45:00,1,0.0,21.13,21.13,0.014,0.014,0.0453,0.0453,0,,0,0.014
2025-01-01T04:45:00,2,0.42,4.4,4.41,0.0,0.0,0.043,0.043,0,,0,0.0
2025-01-01T04:45:00,3,1.17,12.85,12.88,0.0,0.005,0.0294,0.0294,0,,0,0.0
2025-01-01T04:45:00,4,0.0,16.56,16.56,0.0,0.0018,0.0481,0.0481,0,,0,0.0
2025-01-01T04:45:00,5,0.0,18.81,18.81,0.0213,0.0213,0.0449,0.0449,0,,0,0.0213
2025-01-01T04:45:00,6,0.0,22.71,22.71,0.0,0.0,0.0234,0.0234,0,,0,0.0
2025-01-01T04:45:00,7,1.45,15.07,15.11,0.0,0.0,0.0369,0.0369,0,,0,0.0
2025-01-01T04:45:00,8,2.04,2.64,2.7,0.002,0.002,0.0239,0.0239,0,,0,0.002
2025-01-01T05:00:00,1,3.01,25.12,25.21,0.0177,0.0177,0.0497,0.0497,0,,0,0.0177
2025-01-01T05:00:00,2,0.0,8.31,8.31,0.0,0.0142,0.043,0.043,0,,0,0.0
2025-01-01T05:00:00,3,0.91,18.48,18.5,0.0,0.0,0.0294,0.0294,0,,0,0.0
2025-01-01T05:00:00,4,1.26,19.58,19.62,0.0,0.014,0.0481,0.0481,0,,0,0.0
2025-01-01T05:00:00,5,1.69,23.93,23.98,0.0048,0.0048,0.0461,0.0461,0,,0,0.0048
2025-01-01T05:00:00,6,0.0,28.28,28.28,0.0,0.0,0.0234,0.0234,0,,0,0.0
2025-01-01T05:00:00,7,2.81,21.32,21.4,0.0,0.0057,0.0369,0.0369,0,,0,0.0
2025-01-01T05:00:00,8,0.0,7.1,7.1,0.0,0.0118,0.0239,0.0239,0,,0,0.0
2025-01-01T05:15:00,1,0.0,25.57,25.57,0.0351,0.0351,0.0585,0.0585,0,,0,0.0351
2025-01-01T05:15:00,2,0.0,9.91,9.91,0.0,0.0,0.043,0.043,0,,0,0.0
2025-01-01T05:15:00,3,0.0,18.23,18.23,0.0,0.0,0.0294,0.0294,0,,0,0.0
2025-01-01T05:15:00,4,0.0,20.62,20.62,0.0,0.0,0.0481,0.0481,0,,0,0.0
2025-01-01T05:15:00,5,0.0,24.32,24.32,0.0,0.0,0.0461,0.0461,0,,0,0.0
2025-01-01T05:15:00,6,3.97,28.3,28.42,0.0035,0.005,0.0243,0.0243,0,,0,0.0035
2025-01-01T05:15:00,7,0.0,21.6,21.6,0.0266,0.0266,0.0435,0.0435,0,,0,0.0266
2025-01-01T05:15:00,8,0.0,7.62,7.62,0.0133,0.0133,0.0272,0.0272,0,,0,0.0133
2025-01-01T05:30:00,1,0.0,25.79,25.79,0.0066,0.013,0.0602,0.0602,0,,0,0.0066
2025-01-01T05:30:00,2,0.0,9.53,9.53,0.0041,0.0041,0.044,0.044,0,,0,0.0041
2025-01-01T05:30:00,3,2.45,19.34,19.41,0.0,0.0,0.0294,0.0294,0,,0,0.0
2025-01-01T05:30:00,4,2.21,22.69,22.76,0.0,0.0,0.0481,0.0481,0,,0,0.0
2025-01-01T05:30:00,5,0.0,25.89,25.89,0.0355,0.0355,0.0549,0.0549,0,,0,0.0355
2025-01-01T05:30:00,6,0.14,28.47,28.48,0.0,0.0,0.0243,0.0243,0,,0,0.0
2025-01-01T05:30:00,7,0.0,22.78,22.78,0.0,0.0,0.0435,0.0435,0,,0,0.0
2025-01-01T05:30:00,8,0.0,8.52,8.52,0.0005,0.0059,0.0273,0.0273,0,,0,0.0005
2025-01-01T05:45:00,1,0.0,26.73,26.73,0.0214,0.0214,0.0655,0.0655,0,,0,0.0214
2025-01-01T05:45:00,2,0.0,10.03,10.03,0.0112,0.0112,0.0468,0.0468,0,,0,0.0112
2025-01-01T05:45:00,3,0.0,19.4,19.4,0.0,0.0,0.0294,0.0294,0,,0,0.0
2025-01-01T05:45:00,4,0.0,22.07,22.07,0.0,0.0,0.0481,0.0481,0,,0,0.0
2025-01-01T05:45:00,5,0.0,24.99,24.99,0.009,0.009,0.0572,0.0572,0,,0,0.009
2025-01-01T05:45:00,6,0.42,29.16,29.17,0.0067,0.0067,0.026,0.026,0,,0,0.0067
2025-01-01T05:45:00,7,1.7,23.86,23.91,0.0359,0.0359,0.0525,0.0525,0,,0,0.0359
2025-01-01T05:45:00,8,0.0,10.1,10.1,0.0,0.0106,0.0273,0.0273,0,,0,0.0
2025-01-01T06:00:00,1,0.0,27.31,27.31,0.0,0.0,0.0655,0.0655,0,,0,0.0
2025-01-01T06:00:00,2,0.0,11.68,11.68,0.0076,0.0132,0.0487,0.0487,0,,0,0.0076
2025-01-01T06:00:00,3,0.0,19.04,19.04,0.0228,0.0228,0.0351,0.0351,0,,0,0.0228
2025-01-01T06:00:00,4,0.0,22.28,22.28,0.0,0.0083,0.0481,0.0481,0,,0,0.0
2025-01-01T06:00:00,5,1.29,24.51,24.55,0.0,0.01,0.0572,0.0572,0,,0,0.0
2025-01-01T06:00:00,6,0.0,28.45,28.45,0.0251,0.0251,0.0322,0.0322,0,,0,0.0251
2025-01-01T06:00:00,7,0.39,24.19,24.2,0.0,0.0,0.0525,0.0525,0,,0,0.0
2025-01-01T06:00:00,8,0.0,11.59,11.59,0.0,0.0,0.0273,0.0273,0,,0,0.0
2025-01-01T06:15:00,1,0.82,26.6,26.62,0.0053,0.0104,0.0668,0.0668,0,,0,0.0053
2025-01-01T06:15:00,2,0.0,11.72,11.72,0.0249,0.0249,0.0549,0.0549,0,,0,0.0249
2025-01-01T06:15:00,3,0.0,20.43,20.43,0.0,0.0,0.0351,0.0351,0,,0,0.0
2025-01-01T06:15:00,4,1.58,22.33,22.37,0.0003,0.0039,0.0482,0.0482,0,,0,0.0003
2025-01-01T06:15:00,5,0.0,26.3,26.3,0.0153,0.0187,0.061,0.061,0,,0,0.0153
2025-01-01T06:15:00,6,0.54,31.4,31.42,0.0343,0.0343,0.0408,0.0408,0,,0,0.0343
2025-01-01T06:15:00,7,2.11,23.86,23.92,0.0,0.0,0.0525,0.0525,0,,0,0.0
2025-01-01T06:15:00,8,0.0,12.74,12.74,0.0164,0.0164,0.0314,0.0314,0,,0,0.0164
2025-01-01T06:30:00,1,2.08,28.47,28.53,0.0,0.0107,0.0668,0.0668,0,,0,0.0
2025-01-01T06:30:00,2,1.89,13.29,13.35,0.0,0.0162,0.0549,0.0549,0,,0,0.0
2025-01-01T06:30:00,3,3.07,20.14,20.23,0.0259,0.0259,0.0416,0.0416,0,,0,0.0259
2025-01-01T06:30:00,4,0.6,24.28,24.3,0.0,0.0002,0.0482,0.0482,0,,0,0.0
2025-01-01T06:30:00,5,1.13,25.85,25.89,0.0,0.011,0.061,0.061,0,,0,0.0
2025-01-01T06:30:00,6,0.0,29.11,29.11,0.0013,0.0013,0.0411,0.0411,0,,0,0.0013
2025-01-01T06:30:00,7,1.88,24.64,24.7,0.01,0.0132,0.055,0.055,0,,0,0.01
2025-01-01T06:30:00,8,0.0,12.48,12.48,0.0,0.0,0.0314,0.0314,0,,0,0.0
2025-01-01T06:45:00,1,0.0,29.04,29.04,0.0129,0.0129,0.0701,0.0701,0,,0,0.0129
2025-01-01T06:45:00,2,0.0,12.78,12.78,0.0,0.0,0.0549,0.0549,0,,0,0.0
2025-01-01T06:45:00,3,0.0,21.48,21.48,0.0,0.0,0.0416,0.0416,0,,0,0.0
2025-01-01T06:45:00,4,0.54,23.69,23.71,0.0,0.0,0.0482,0.0482,0,,0,0.0
2025-01-01T06:45:00,5,0.0,27.35,27.35,0.0317,0.0317,0.069,0.069,0,,0,0.0317
2025-01-01T06:45:00,6,0.0,31.3,31.3,0.0,0.0,0.0411,0.0411,0,,0,0.0
2025-01-01T06:45:00,7,0.7,26.05,26.07,0.0,0.0035,0.055,0.055,0,,0,0.0
2025-01-01T06:45:00,8,0.58,15.58,15.59,0.0,0.0,0.0314,0.0314,0,,0,0.0
2025-01-01T07:00:00,1,0.0,27.05,27.05,0.0122,0.0122,0.0731,0.0731,0,,0,0.0122
2025-01-01T07:00:00,2,0.0,13.01,13.01,0.0,0.0192,0.0549,0.0549,0,,0,0.0
2025-01-01T07:00:00,3,0.57,22.32,22.34,0.0135,0.0135,0.0449,0.0449,0,,0,0.0135
2025-01-01T07:00:00,4,0.0,25.08,25.08,0.0,0.0041,0.0482,0.0482,0,,0,0.0
2025-01-01T07:00:00,5,0.43,27.41,27.42,0.0,0.0141,0.069,0.069,0,,0,0.0
2025-01-01T07:00:00,6,1.35,31.55,31.59,0.0041,0.0081,0.0422,0.0422,0,,0,0.0041
2025-01-01T07:00:00,7,1.18,28.11,28.14,0.0338,0.0338,0.0634,0.0634,0,,0,0.0338
2025-01-01T07:00:00,8,0.77,14.84,14.87,0.0,0.0034,0.0314,0.0314,0,,0,0.0
2025-01-01T07:15:00,1,0.74,29.02,29.04,0.0,0.0,0.0731,0.0731,0,,0,0.0
2025-01-01T07:15:00,2,0.0,13.72,13.72,0.0,0.0,0.0549,0.0549,0,,0,0.0
2025-01-01T07:15:00,3,0.63,23.37,23.38,0.0,0.0005,0.0449,0.0449,0,,0,0.0
2025-01-01T07:15:00,4,0.0,25.83,25.83,0.0,0.0,0.0482,0.0482,0,,0,0.0
2025-01-01T07:15:00,5,0.82,26.93,26.95,0.0153,0.0153,0.0728,0.0728,0,,0,0.0153
2025-01-01T07:15:00,6,0.0,32.05,32.05,0.0099,0.0099,0.0446,0.0446,0,,0,0.0099
2025-01-01T07:15:00,7,0.99,28.16,28.19,0.0307,0.0307,0.0711,0.0711,0,,0,0.0307
2025-01-01T07:15:00,8,0.93,14.13,14.16,0.0,0.0045,0.0314,0.0314,0,,0,0.0
2025-01-01T07:30:00,1,0.8,28.14,28.17,0.0295,0.0295,0.0805,0.0805,0,,0,0.0295
2025-01-01T07:30:00,2,0.0,14.38,14.38,0.0,0.024,0.0549,0.0549,0,,0,0.0
2025-01-01T07:30:00,3,1.89,22.51,22.57,0.0114,0.0114,0.0478,0.0478,0,,0,0.0114
2025-01-01T07:30:00,4,0.49,25.8,25.81,0.0316,0.0316,0.0561,0.0561,0,,0,0.0316
2025-01-01T07:30:00,5,1.58,29.37,29.42,0.0008,0.0064,0.073,0.073,0,,0,0.0008
2025-01-01T07:30:00,6,0.0,33.01,33.01,0.0094,0.0115,0.047,0.047,0,,0,0.0094
2025-01-01T07:30:00,7,2.96,28.67,28.76,0.008,0.008,0.0731,0.0731,0,,0,0.008
2025-01-01T07:30:00,8,0.0,15.96,15.96,0.0309,0.0309,0.0391,0.0391,0,,0,0.0309
2025-01-01T07:45:00,1,2.31,29.93,30.0,0.0054,0.0221,0.0818,0.0818,0,,0,0.0054
2025-01-01T07:45:00,2,0.0,13.85,13.85,0.0063,0.0063,0.0565,0.0565,0,,0,0.0063
2025-01-01T07:45:00,3,0.0,24.49,24.49,0.0,0.0,0.0478,0.0478,0,,0,0.0
2025-01-01T07:45:00,4,0.0,26.65,26.65,0.0,0.0,0.0561,0.0561,0,,0,0.0
2025-01-01T07:45:00,5,1.53,29.43,29.47,0.0,0.0043,0.073,0.073,0,,0,0.0
2025-01-01T07:45:00,6,0.0,32.2,32.2,0.0137,0.0137,0.0504,0.0504,0,,0,0.0137
2025-01-01T07:45:00,7,1.4,29.84,29.88,0.0,0.0,0.0731,0.0731,0,,0,0.0
2025-01-01T07:45:00,8,0.0,14.24,14.24,0.0,0.0096,0.0391,0.0391,0,,0,0.0
2025-01-01T08:00:00,1,0.0,29.57,29.57,0.0,0.0033,0.0818,0.0818,0,,0,0.0
2025-01-01T08:00:00,2,0.0,15.47,15.47,0.0513,0.0513,0.0693,0.0693,0,,0,0.0513
2025-01-01T08:00:00,3,1.03,23.04,23.07,0.0137,0.0175,0.0512,0.0512,0,,0,0.0137
2025-01-01T08:00:00,4,0.42,26.59,26.6,0.0,0.0,0.0561,0.0561,0,,0,0.0
2025-01-01T08:00:00,5,0.0,29.3,29.3,0.0,0.0,0.073,0.073,0,,0,0.0
2025-01-01T08:00:00,6,0.0,31.79,31.79,0.0127,0.0127,0.0536,0.0536,1,panel_soiling,1,0.0127
2025-01-01T08:00:00,7,0.0,29.22,29.22,0.0378,0.0378,0.0826,0.0826,0,,0,0.0378
2025-01-01T08:00:00,8,0.0,15.18,15.18,0.0,0.0137,0.0391,0.0391,0,,0,0.0
2025-01-01T08:15:00,1,0.0,31.19,31.19,0.0026,0.0026,0.0825,0.0825,0,,0,0.0026
2025-01-01T08:15:00,2,0.0,16.19,16.19,0.0,0.0,0.0693,0.0693,0,,0,0.0
2025-01-01T08:15:00,3,2.35,24.5,24.56,0.0001,0.0024,0.0513,0.0513,0,,0,0.0001
2025-01-01T08:15:00,4,0.0,26.67,26.67,0.0321,0.0321,0.0641,0.0641,0,,0,0.0321
2025-01-01T08:15:00,5,0.35,31.11,31.12,0.0257,0.0257,0.0794,0.0794,0,,0,0.0257
2025-01-01T08:15:00,6,0.0,33.67,33.67,0.0091,0.0091,0.0559,0.0559,1,panel_soiling,1,0.0091
2025-01-01T08:15:00,7,0.8,30.55,30.58,0.0,0.0,0.0826,0.0826,0,,0,0.0
2025-01-01T08:15:00,8,1.03,16.05,16.08,0.0041,0.0041,0.0402,0.0402,0,,0,0.0041
2025-01-01T08:30:00,1,1.94,31.08,31.13,0.0068,0.0068,0.0842,0.0842,0,,0,0.0068
2025-01-01T08:30:00,2,0.0,16.07,16.07,0.0,0.0,0.0693,0.0693,0,,0,0.0
2025-01-01T08:30:00,3,0.0,24.08,24.08,0.0,0.0,0.0513,0.0513,0,,0,0.0
2025-01-01T08:30:00,4,0.63,26.78,26.8,0.0047,0.0047,0.0653,0.0653,0,,0,0.0047
2025-01-01T08:30:00,5,0.0,30.34,30.34,0.0379,0.0379,0.0889,0.0889,0,,0,0.0379
2025-01-01T08:30:00,6,0.0,33.3,33.3,0.0,0.0066,0.0559,0.0559,1,panel_soiling,1,0.0
2025-01-01T08:30:00,7,0.0,31.31,31.31,0.0,0.0049,0.0826,0.0826,0,,0,0.0
2025-01-01T08:30:00,8,0.0,17.54,17.54,0.0214,0.0214,0.0455,0.0455,0,,0,0.0214
2025-01-01T08:45:00,1,0.0,32.24,32.24,0.0,0.0,0.0842,0.0842,0,,0,0.0
2025-01-01T08:45:00,2,0.0,16.76,16.76,0.0077,0.0077,0.0712,0.0712,0,,0,0.0077
2025-01-01T08:45:00,3,0.0,23.95,23.95,0.011,0.011,0.054,0.054,0,,0,0.011
2025-01-01T08:45:00,4,0.0,26.03,26.03,0.0,0.0123,0.0653,0.0653,0,,0,0.0
2025-01-01T08:45:00,5,0.0,30.08,30.08,0.02,0.02,0.0939,0.0939,0,,0,0.02
2025-01-01T08:45:00,6,0.0,35.61,35.61,0.0462,0.0462,0.0674,0.0674,1,panel_soiling,1,0.0462
2025-01-01T08:45:00,7,0.0,31.85,31.85,0.0,0.0,0.0826,0.0826,0,,0,0.0
2025-01-01T08:45:00,8,0.0,17.99,17.99,0.0,0.0132,0.0455,0.0455,0,,0,0.0
2025-01-01T09:00:00,1,0.0,31.39,31.39,0.0413,0.0413,0.0945,0.0945,0,,0,0.0413
2025-01-01T09:00:00,2,0.45,17.86,17.87,0.0061,0.0061,0.0728,0.0728,0,,0,0.0061
2025-01-01T09:00:00,3,1.11,25.22,25.25,0.0,0.0,0.054,0.054,0,,0,0.0
2025-01-01T09:00:00,4,0.51,27.22,27.23,0.0,0.0026,0.0653,0.0653,0,,0,0.0
2025-01-01T09:00:00,5,0.0,30.04,30.04,0.0,0.0,0.0939,0.0939,0,,0,0.0
2025-01-01T09:00:00,6,0.0,35.12,35.12,0.0,0.0,0.0674,0.0674,1,panel_soiling,1,0.0
2025-01-01T09:00:00,7,0.0,30.58,30.58,0.0309,0.0309,0.0903,0.0903,0,,0,0.0309
2025-01-01T09:00:00,8,0.0,19.15,19.15,0.0149,0.017,0.0492,0.0492,0,,0,0.0149
2025-01-01T09:15:00,1,1.89,31.59,31.64,0.0,0.0,0.0945,0.0945,0,,0,0.0
2025-01-01T09:15:00,2,0.0,17.21,17.21,0.038,0.038,0.0823,0.0823,0,,0,0.038
2025-01-01T09:15:00,3,0.0,25.27,25.27,0.0,0.0,0.054,0.054,0,,0,0.0
2025-01-01T09:15:00,4,0.73,27.82,27.84,0.0,0.0039,0.0653,0.0653,0,,0,0.0
2025-01-01T09:15:00,5,0.0,31.3,31.3,0.0042,0.0173,0.0949,0.0949,0,,0,0.0042
2025-01-01T09:15:00,6,0.0,34.8,34.8,0.0066,0.0066,0.0691,0.0691,1,panel_soiling,1,0.0066
2025-01-01T09:15:00,7,0.0,31.83,31.83,0.009,0.009,0.0925,0.0925,0,,0,0.009
2025-01-01T09:15:00,8,2.11,18.86,18.93,0.0242,0.0242,0.0553,0.0553,0,,0,0.0242
2025-01-01T09:30:00,1,0.0,31.51,31.51,0.0249,0.0249,0.1007,0.1007,0,,0,0.0249
2025-01-01T09:30:00,2,2.46,16.6,16.67,0.007,0.017,0.084,0.084,0,,0,0.007
2025-01-01T09:30:00,3,0.71,25.43,25.45,0.0,0.0084,0.054,0.054,0,,0,0.0
2025-01-01T09:30:00,4,0.0,27.72,27.72,0.0,0.0008,0.0653,0.0653,0,,0,0.0
2025-01-01T09:30:00,5,0.0,33.34,33.34,0.0004,0.0004,0.095,0.095,0,,0,0.0004
2025-01-01T09:30:00,6,1.04,35.92,35.95,0.0088,0.0088,0.0713,0.0713,1,panel_soiling,1,0.0088
2025-01-01T09:30:00,7,0.0,32.28,32.28,0.0049,0.0049,0.0938,0.0938,0,,0,0.0049
2025-01-01T09:30:00,8,0.0,18.66,18.66,0.0,0.0044,0.0553,0.0553,0,,0,0.0
2025-01-01T09:45:00,1,2.45,32.36,32.43,0.0,0.0127,0.1007,0.1007,0,,0,0.0
2025-01-01T09:45:00,2,0.0,19.52,19.52,0.0,0.0023,0.084,0.084,0,,0,0.0
2025-01-01T09:45:00,3,2.49,25.71,25.78,0.0248,0.0248,0.0602,0.0602,0,,0,0.0248
2025-01-01T09:45:00,4,0.0,27.61,27.61,0.0,0.0115,0.0653,0.0653,0,,0,0.0
2025-01-01T09:45:00,5,0.0,29.74,29.74,0.0,0.0,0.095,0.095,0,,0,0.0
2025-01-01T09:45:00,6,1.69,36.67,36.71,0.0,0.003,0.0713,0.0713,1,panel_soiling,1,0.0
2025-01-01T09:45:00,7,0.0,32.06,32.06,0.0073,0.0073,0.0956,0.0956,0,,0,0.0073
2025-01-01T09:45:00,8,2.08,17.4,17.46,0.0002,0.0025,0.0553,0.0553,0,,0,0.0002
2025-01-01T10:00:00,1,2.19,33.14,33.21,0.0,0.0046,0.1007,0.1007,0,,0,0.0
2025-01-01T10:00:00,2,0.0,18.53,18.53,0.0059,0.0059,0.0855,0.0855,0,,0,0.0059
2025-01-01T10:00:00,3,0.68,25.67,25.69,0.0,0.0005,0.0602,0.0602,0,,0,0.0
2025-01-01T10:00:00,4,0.0,28.93,28.93,0.0,0.0057,0.0653,0.0653,0,,0,0.0
2025-01-01T10:00:00,5,0.0,30.76,30.76,0.0,0.0,0.095,0.095,0,,0,0.0
2025-01-01T10:00:00,6,1.92,35.12,35.17,0.0,0.0012,0.0713,0.0713,1,panel_soiling,1,0.0
2025-01-01T10:00:00,7,0.0,33.19,33.19,0.0,0.0081,0.0956,0.0956,0,,0,0.0
2025-01-01T10:00:00,8,0.0,19.03,19.03,0.0,0.0015,0.0553,0.0553,0,,0,0.0
2025-01-01T10:15:00,1,0.0,31.49,31.49,0.0,0.0012,0.1007,0.1007,0,,0,0.0
2025-01-01T10:15:00,2,1.15,19.67,19.7,0.0,0.0,0.0855,0.0855,0,,0,0.0
2025-01-01T10:15:00,3,0.0,25.47,25.47,0.0,0.0222,0.0602,0.0602,0,,0,0.0
2025-01-01T10:15:00,4,0.0,27.73,27.73,0.0166,0.0166,0.0695,0.0695,0,,0,0.0166
2025-01-01T10:15:00,5,0.0,33.77,33.77,0.0,0.0,0.095,0.095,0,,0,0.0
2025-01-01T10:15:00,6,0.56,36.26,36.28,0.0196,0.0196,0.0762,0.0762,1,panel_soiling,1,0.0196
2025-01-01T10:15:00,7,0.0,32.32,32.32,0.0153,0.0153,0.0994,0.0994,0,,0,0.0153
2025-01-01T10:15:00,8,0.0,18.55,18.55,0.0,0.0,0.0553,0.0553,0,,0,0.0
2025-01-01T10:30:00,1,1.2,31.24,31.27,0.0266,0.0266,0.1074,0.1074,0,,0,0.0266
2025-01-01T10:30:00,2,2.37,18.63,18.7,0.0,0.0,0.0855,0.0855,0,,0,0.0
2025-01-01T10:30:00,3,2.57,26.26,26.34,0.0196,0.0196,0.0651,0.0651,0,,0,0.0196
2025-01-01T10:30:00,4,0.66,27.96,27.98,0.0,0.0,0.0695,0.0695,0,,0,0.0
2025-01-01T10:30:00,5,0.92,29.35,29.38,0.0,0.0,0.095,0.095,0,,0,0.0
2025-01-01T10:30:00,6,0.0,36.66,36.66,0.0,0.0,0.0762,0.0762,1,panel_soiling,1,0.0
2025-01-01T10:30:00,7,0.0,32.81,32.81,0.0057,0.0057,0.1008,0.1008,0,,0,0.0057
2025-01-01T10:30:00,8,0.0,19.84,19.84,0.0118,0.0118,0.0583,0.0583,0,,0,0.0118
2025-01-01T10:45:00,1,1.46,32.14,32.19,0.0111,0.0111,0.1102,0.1102,0,,0,0.0111
2025-01-01T10:45:00,2,0.0,17.92,17.92,0.0009,0.0075,0.0857,0.0857,0,,0,0.0009
2025-01-01T10:45:00,3,0.0,25.29,25.29,0.0209,0.0209,0.0703,0.0703,0,,0,0.0209
2025-01-01T10:45:00,4,0.24,27.93,27.94,0.0,0.0,0.0695,0.0695,0,,0,0.0
2025-01-01T10:45:00,5,0.0,30.96,30.96,0.0,0.0,0.095,0.095,0,,0,0.0
2025-01-01T10:45:00,6,0.0,37.32,37.32,0.0,0.0048,0.0762,0.0762,1,panel_soiling,1,0.0
2025-01-01T10:45:00,7,0.0,32.5,32.5,0.0128,0.0128,0.104,0.104,0,,0,0.0128
2025-01-01T10:45:00,8,5.29,18.75,18.91,0.1162,0.1371,0.0873,0.0873,0,,0,0.1162
2025-01-01T11:00:00,1,0.0,31.92,31.92,0.0008,0.0346,0.1104,0.1104,0,,0,0.0008
2025-01-01T11:00:00,2,0.0,18.5,18.5,0.0,0.0073,0.0857,0.0857,0,,0,0.0
2025-01-01T11:00:00,3,0.0,24.96,24.96,0.0,0.0057,0.0703,0.0703,0,,0,0.0
2025-01-01T11:00:00,4,0.0,29.33,29.33,0.0,0.0041,0.0695,0.0695,0,,0,0.0
2025-01-01T11:00:00,5,0.0,32.92,32.92,0.0,0.0105,0.095,0.095,0,,0,0.0
2025-01-01T11:00:00,6,2.39,36.36,36.42,0.0083,0.0083,0.0782,0.0782,1,panel_soiling,1,0.0083
2025-01-01T11:00:00,7,0.68,32.78,32.81,0.0347,0.0347,0.1127,0.1127,0,,0,0.0347
2025-01-01T11:00:00,8,1.05,18.17,18.21,0.0,0.0,0.0873,0.0873,0,,0,0.0
2025-01-01T11:15:00,1,0.0,32.6,32.6,0.0,0.0,0.1104,0.1104,0,,0,0.0
2025-01-01T11:15:00,2,5.9,18.86,19.04,0.186,0.2731,0.1322,0.1322,0,,0,0.186
2025-01-01T11:15:00,3,0.81,24.58,24.6,0.0054,0.0054,0.0717,0.0717,0,,0,0.0054
2025-01-01T11:15:00,4,0.0,28.39,28.39,0.0,0.0,0.0695,0.0695,0,,0,0.0
2025-01-01T11:15:00,5,16.58,31.97,32.47,0.6394,0.9409,0.2549,0.2549,0,,0,0.6394
2025-01-01T11:15:00,6,0.91,35.91,35.93,0.0,0.0032,0.0782,0.0782,1,panel_soiling,1,0.0
2025-01-01T11:15:00,7,3.06,33.37,33.46,0.0,0.0,0.1127,0.1127,0,,0,0.0
2025-01-01T11:15:00,8,11.0,18.78,19.11,0.1808,0.3303,0.1326,0.1326,0,,0,0.1808
2025-01-01T11:30:00,1,11.14,32.31,32.65,0.9755,1.3559,0.3542,0.3542,0,,0,0.9755
2025-01-01T11:30:00,2,31.69,18.22,19.18,1.2899,1.8228,0.4547,0.4547,0,,0,1.2899
2025-01-01T11:30:00,3,19.38,25.22,25.75,1.3672,1.9371,0.4135,0.4135,0,,0,1.3672
2025-01-01T11:30:00,4,17.75,28.34,28.86,0.9864,1.3969,0.3161,0.3161,0,,0,0.9864
2025-01-01T11:30:00,5,28.58,29.7,30.57,1.1618,1.7021,0.5453,0.5453,0,,0,1.1618
2025-01-01T11:30:00,6,36.62,36.83,37.89,4.879,6.9815,1.298,1.298,1,panel_soiling,1,4.879
2025-01-01T11:30:00,7,18.11,32.92,33.47,0.4647,0.6772,0.2289,0.2289,0,,0,0.4647
2025-01-01T11:30:00,8,49.62,18.79,20.3,1.1671,1.663,0.4243,0.4243,0,,0,1.1671
2025-01-01T11:45:00,1,25.92,31.96,32.74,2.3759,3.4133,0.9482,0.9482,0,,0,2.3759
2025-01-01T11:45:00,2,60.35,18.61,20.44,2.5559,3.7036,1.0937,1.0937,0,,0,2.5559
2025-01-01T11:45:00,3,30.83,25.02,25.87,2.2516,3.2145,0.9764,0.9764,0,,0,2.2516
2025-01-01T11:45:00,4,41.4,27.83,29.03,2.4549,3.529,0.9298,0.9298,0,,0,2.4549
2025-01-01T11:45:00,5,38.46,30.43,31.59,1.6821,2.3375,0.9658,0.9658,0,,0,1.6821
2025-01-01T11:45:00,6,67.69,34.68,36.64,9.678,13.7965,3.7175,3.7175,1,panel_soiling,1,9.678
2025-01-01T11:45:00,7,38.31,32.41,33.57,1.0938,1.5428,0.5023,0.5023,0,,0,1.0938
2025-01-01T11:45:00,8,63.15,18.89,20.8,1.5085,2.164,0.8015,0.8015,0,,0,1.5085
2025-01-01T12:00:00,1,94.9,32.09,34.96,13.1201,14.0915,4.2282,4.2282,0,,0,13.1201
2025-01-01T12:00:00,2,85.95,18.98,21.59,4.9906,5.4193,2.3413,2.3413,0,,0,4.9906
2025-01-01T12:00:00,3,43.6,24.25,25.44,3.3129,4.7476,1.8046,1.8046,0,,0,3.3129
2025-01-01T12:00:00,4,59.17,27.36,29.08,3.6406,5.2001,1.8399,1.8399,0,,0,3.6406
2025-01-01T12:00:00,5,51.26,31.05,32.6,2.2408,3.2166,1.5261,1.5261,0,,0,2.2408
2025-01-01T12:00:00,6,102.27,34.5,37.46,19.9444,21.6663,8.7036,8.7036,1,panel_soiling,1,19.9444
2025-01-01T12:00:00,7,68.18,31.74,33.8,2.0528,2.9236,1.0155,1.0155,0,,0,2.0528
2025-01-01T12:00:00,8,87.6,18.99,21.65,2.8755,3.1076,1.5203,1.5203,0,,0,2.8755
2025-01-01T12:15:00,1,70.12,34.17,36.3,9.2435,9.9686,6.5391,6.5391,0,,0,9.2435
2025-01-01T12:15:00,2,114.6,19.47,22.94,6.902,7.4042,4.0668,4.0668,0,,0,6.902
2025-01-01T12:15:00,3,52.84,25.46,26.87,4.0352,5.8121,2.8134,2.8134,0,,0,4.0352
2025-01-01T12:15:00,4,84.73,26.83,29.3,7.1261,7.7406,3.6215,3.6215,0,,0,7.1261
2025-01-01T12:15:00,5,57.99,31.52,33.28,2.5534,3.6536,2.1644,2.1644,0,,0,2.5534
2025-01-01T12:15:00,6,138.76,34.96,38.92,28.3706,30.1114,15.7962,15.7962,1,panel_soiling,1,28.3706
2025-01-01T12:15:00,7,101.86,32.87,35.96,4.1788,4.5193,2.0602,2.0602,0,,0,4.1788
2025-01-01T12:15:00,8,96.3,17.15,20.07,3.2219,3.4719,2.3258,2.3258,0,,0,3.2219
2025-01-01T12:30:00,1,103.05,31.46,34.57,14.2196,15.3331,10.094,10.094,0,,0,14.2196
2025-01-01T12:30:00,2,138.28,19.4,23.6,8.5621,9.1414,6.2073,6.2073,0,,0,8.5621
2025-01-01T12:30:00,3,78.39,23.56,25.69,8.3001,9.0231,4.8884,4.8884,0,,0,8.3001
2025-01-01T12:30:00,4,99.15,26.5,29.41,8.6179,9.211,5.776,5.776,0,,0,8.6179
2025-01-01T12:30:00,5,70.24,29.16,31.29,4.2068,4.5474,3.2161,3.2161,0,,0,4.2068
2025-01-01T12:30:00,6,171.81,34.51,39.41,35.8233,38.0101,24.7521,24.7521,1,panel_soiling,1,35.8233
2025-01-01T12:30:00,7,138.93,32.35,36.56,5.9664,6.2889,3.5518,3.5518,0,,0,5.9664
2025-01-01T12:30:00,8,124.71,17.37,21.15,4.3375,4.5974,3.4102,3.4102,0,,0,4.3375
2025-01-01T12:45:00,1,145.01,32.11,36.43,20.9785,22.3403,15.3386,15.3386,0,,0,20.9785
2025-01-01T12:45:00,2,176.42,17.97,23.31,11.3028,11.8401,9.033,9.033,0,,0,11.3028
2025-01-01T12:45:00,3,99.8,24.87,27.56,10.8174,11.6804,7.5928,7.5928,0,,0,10.8174
2025-01-01T12:45:00,4,119.24,27.48,30.97,10.484,11.2292,8.397,8.397,0,,0,10.484
2025-01-01T12:45:00,5,68.46,30.91,32.98,3.0956,4.4242,3.99,3.99,0,,0,3.0956
2025-01-01T12:45:00,6,211.19,34.89,40.94,54.0595,55.1237,38.2669,38.2669,1,panel_soiling,1,54.0595
2025-01-01T12:45:00,7,178.09,32.07,37.46,7.8835,8.257,5.5227,5.5227,0,,0,7.8835
2025-01-01T12:45:00,8,125.27,18.01,21.81,4.365,4.5948,4.5014,4.5014,0,,0,4.365
2025-01-01T13:00:00,1,193.11,31.05,36.82,29.0914,30.4685,22.6115,22.6115,0,,0,29.0914
2025-01-01T13:00:00,2,197.8,16.62,22.61,12.9975,13.511,12.2824,12.2824,0,,0,12.9975
2025-01-01T13:00:00,3,129.5,24.31,27.83,14.5962,15.5492,11.2418,11.2418,0,,0,14.5962
2025-01-01T13:00:00,4,151.61,26.15,30.63,13.8495,14.6524,11.8593,11.8593,0,,0,13.8495
2025-01-01T13:00:00,5,67.19,30.08,32.12,3.0379,4.3303,4.7495,4.7495,0,,0,3.0379
2025-01-01T13:00:00,6,247.44,35.06,42.15,62.8308,64.5787,53.9746,53.9746,1,panel_soiling,1,62.8308
2025-01-01T13:00:00,7,232.53,31.51,38.56,12.4792,12.723,8.6425,8.6425,0,,0,12.4792
2025-01-01T13:00:00,8,130.66,17.11,21.07,4.5607,4.8212,5.6416,5.6416,0,,0,4.5607
2025-01-01T13:15:00,1,237.94,32.29,39.38,42.3911,43.7354,33.2093,33.2093,0,,0,42.3911
2025-01-01T13:15:00,2,232.23,16.12,23.16,18.1256,18.5448,16.8138,16.8138,0,,0,18.1256
2025-01-01T13:15:00,3,166.86,24.88,29.5,19.535,20.3997,16.1256,16.1256,0,,0,19.535
2025-01-01T13:15:00,4,168.72,25.86,30.93,15.5683,16.391,15.7514,15.7514,0,,0,15.5683
2025-01-01T13:15:00,5,79.4,29.36,31.74,4.817,5.2099,5.9537,5.9537,0,,0,4.817
2025-01-01T13:15:00,6,289.3,33.46,41.67,73.0065,75.4797,72.2263,72.2263,1,panel_soiling,1,73.0065
2025-01-01T13:15:00,7,279.89,32.75,41.23,14.6606,15.1284,12.3077,12.3077,0,,0,14.6606
2025-01-01T13:15:00,8,142.29,17.42,21.74,4.9747,5.2553,6.8853,6.8853,0,,0,4.9747
2025-01-01T13:30:00,1,287.06,31.64,40.18,50.77,52.4827,45.9018,45.9018,0,,0,50.77
2025-01-01T13:30:00,2,264.07,16.48,24.48,20.4592,20.9343,21.9286,21.9286,0,,0,20.4592
2025-01-01T13:30:00,3,200.31,24.54,30.11,28.6152,29.1894,23.2794,23.2794,0,,0,28.6152
2025-01-01T13:30:00,4,186.86,27.03,32.67,17.5744,18.3167,20.145,20.145,0,,0,17.5744
2025-01-01T13:30:00,5,71.69,30.3,32.4,4.2649,4.6563,7.02,7.02,0,,0,4.2649
2025-01-01T13:30:00,6,324.86,33.57,42.73,81.5785,84.1992,92.6209,92.6209,1,panel_soiling,1,81.5785
2025-01-01T13:30:00,7,335.97,31.99,42.18,17.6921,18.1366,16.7307,16.7307,0,,0,17.6921
2025-01-01T13:30:00,8,146.57,15.48,19.92,5.2447,5.516,8.1964,8.1964,0,,0,5.2447
2025-01-01T13:45:00,1,337.3,32.61,42.65,59.1163,61.0173,60.6808,60.6808,0,,0,59.1163
2025-01-01T13:45:00,2,299.49,16.31,25.39,22.9855,23.8203,27.675,27.675,0,,0,22.9855
2025-01-01T13:45:00,3,240.85,23.17,29.95,33.9244,35.0785,31.7605,31.7605,0,,0,33.9244
2025-01-01T13:45:00,4,208.42,27.01,33.27,23.5976,23.8603,26.0444,26.0444,0,,0,23.5976
2025-01-01T13:45:00,5,77.64,29.07,31.35,4.7078,5.0865,8.1969,8.1969,0,,0,4.7078
2025-01-01T13:45:00,6,356.21,33.78,43.89,88.5897,92.1441,114.7683,114.7683,1,panel_soiling,1,88.5897
2025-01-01T13:45:00,7,386.76,30.93,42.54,20.2954,20.9551,21.8045,21.8045,0,,0,20.2954
2025-01-01T13:45:00,8,163.13,15.82,20.76,5.9,6.1899,9.6714,9.6714,0,,0,5.9
2025-01-01T14:00:00,1,384.52,31.25,42.79,67.6138,69.496,77.5843,77.5843,0,,0,67.6138
2025-01-01T14:00:00,2,336.89,16.44,26.66,25.5963,26.5766,34.0741,34.0741,0,,0,25.5963
2025-01-01T14:00:00,3,280.58,22.64,30.5,39.4956,40.7662,41.6344,41.6344,0,,0,39.4956
2025-01-01T14:00:00,4,241.7,25.72,32.99,27.0264,27.9181,32.801,32.801,0,,0,27.0264
2025-01-01T14:00:00,5,90.55,29.77,32.43,5.5431,6.0533,9.5827,9.5827,0,,0,5.5431
2025-01-01T14:00:00,6,398.13,33.2,44.47,99.131,102.8949,139.5511,139.5511,1,panel_soiling,1,99.131
2025-01-01T14:00:00,7,442.68,30.85,44.15,22.9931,23.7478,27.5528,27.5528,0,,0,22.9931
2025-01-01T14:00:00,8,164.87,14.68,19.68,6.0031,6.2726,11.1722,11.1722,0,,0,6.0031
2025-01-01T14:15:00,1,434.57,29.82,42.77,76.2557,78.3117,96.6482,96.6482,0,,0,76.2557
2025-01-01T14:15:00,2,377.71,16.67,28.12,28.7647,29.6305,41.2652,41.2652,0,,0,28.7647
2025-01-01T14:15:00,3,317.84,22.95,31.86,44.8821,45.8897,52.8549,52.8549,0,,0,44.8821
2025-01-01T14:15:00,4,291.28,24.91,33.72,32.1376,33.4961,40.8354,40.8354,0,,0,32.1376
2025-01-01T14:15:00,5,109.14,29.44,32.65,6.9064,7.3683,11.3093,11.3093,0,,0,6.9064
2025-01-01T14:15:00,6,442.65,32.7,45.31,110.6254,114.1579,167.2074,167.2074,1,panel_soiling,1,110.6254
2025-01-01T14:15:00,7,495.76,30.31,45.33,25.6326,26.5114,33.9609,33.9609,0,,0,25.6326
2025-01-01T14:15:00,8,156.23,14.39,19.13,5.6524,5.9365,12.5853,12.5853,0,,0,5.6524
2025-01-01T14:30:00,1,483.12,30.27,44.66,83.7182,87.4824,117.5778,117.5778,0,,0,83.7182
2025-01-01T14:30:00,2,400.38,14.25,26.39,30.6645,31.8881,48.9314,48.9314,0,,0,30.6645
2025-01-01T14:30:00,3,370.65,21.39,31.72,52.0086,53.5799,65.857,65.857,0,,0,52.0086
2025-01-01T14:30:00,4,317.22,24.34,33.78,35.6918,36.5081,49.7583,49.7583,0,,0,35.6918
2025-01-01T14:30:00,5,137.42,27.32,31.35,8.9773,9.5357,13.5536,13.5536,0,,0,8.9773
2025-01-01T14:30:00,6,483.87,34.29,48.22,118.9806,122.1112,196.9526,196.9526,1,panel_soiling,1,118.9806
2025-01-01T14:30:00,7,534.73,29.34,45.49,27.7395,28.3559,40.8958,40.8958,0,,0,27.7395
2025-01-01T14:30:00,8,154.41,13.39,18.07,5.6387,5.8671,13.995,13.995,0,,0,5.6387
2025-01-01T14:45:00,1,528.22,29.79,45.34,91.528,94.7357,140.4598,140.4598,0,,0,91.528
2025-01-01T14:45:00,2,427.79,14.3,27.26,32.8045,33.8284,57.1325,57.1325,0,,0,32.8045
2025-01-01T14:45:00,3,402.31,22.16,33.44,55.9704,57.8332,79.8496,79.8496,0,,0,55.9704
2025-01-01T14:45:00,4,355.84,24.32,34.91,39.8772,40.3599,59.7276,59.7276,0,,0,39.8772
2025-01-01T14:45:00,5,150.29,26.93,31.37,9.9176,10.6019,16.033,16.033,0,,0,9.9176
2025-01-01T14:45:00,6,457.23,32.59,45.66,113.5745,117.3176,225.3462,225.3462,1,panel_soiling,1,113.5745
2025-01-01T14:45:00,7,579.44,28.61,46.05,29.8953,30.8164,48.3697,48.3697,0,,0,29.8953
2025-01-01T14:45:00,8,161.01,13.08,17.96,5.8809,6.1538,15.4652,15.4652,0,,0,5.8809
2025-01-01T15:00:00,1,577.01,29.85,46.89,100.1955,102.6157,165.5086,165.5086,0,,0,100.1955
2025-01-01T15:00:00,2,464.34,13.42,27.5,35.3686,36.4693,65.9746,65.9746,0,,0,35.3686
2025-01-01T15:00:00,3,444.07,21.52,33.92,61.5404,63.7506,95.2347,95.2347,0,,0,61.5404
2025-01-01T15:00:00,4,400.51,24.35,36.27,44.108,45.3256,70.7546,70.7546,0,,0,44.108
2025-01-01T15:00:00,5,184.58,27.2,32.7,12.6698,13.1195,19.2005,19.2005,0,,0,12.6698
2025-01-01T15:00:00,6,504.22,31.61,45.93,125.0725,129.7242,256.6143,256.6143,1,panel_soiling,1,125.0725
2025-01-01T15:00:00,7,612.62,27.24,45.81,32.0321,32.6306,56.3777,56.3777,0,,0,32.0321
2025-01-01T15:00:00,8,160.99,13.3,18.18,5.8458,6.1846,16.9267,16.9267,0,,0,5.8458
2025-01-01T15:15:00,1,616.3,29.14,47.21,106.435,109.3747,192.1174,192.1174,0,,0,106.435
2025-01-01T15:15:00,2,494.59,13.6,28.59,37.5644,38.9117,75.3657,75.3657,0,,0,37.5644
2025-01-01T15:15:00,3,490.72,22.11,35.94,67.4809,69.5095,112.105,112.105,0,,0,67.4809
2025-01-01T15:15:00,4,438.17,23.82,36.97,48.2205,49.6557,82.8098,82.8098,0,,0,48.2205
2025-01-01T15:15:00,5,190.67,26.4,32.07,13.224,13.6474,22.5065,22.5065,0,,0,13.224
2025-01-01T15:15:00,6,551.24,31.35,47.26,137.1554,141.1513,290.9032,290.9032,1,panel_soiling,1,137.1554
2025-01-01T15:15:00,7,645.99,25.2,44.78,33.3143,34.6282,64.7063,64.7063,0,,0,33.3143
2025-01-01T15:15:00,8,173.35,12.23,17.49,6.4,6.6638,18.5267,18.5267,0,,0,6.4
2025-01-01T15:30:00,1,642.18,30.15,48.79,109.7559,112.2684,219.5564,219.5564,0,,0,109.7559
2025-01-01T15:30:00,2,519.79,12.52,28.27,39.438,40.8856,85.2252,85.2252,0,,0,39.438
2025-01-01T15:30:00,3,517.31,20.7,35.22,71.9517,73.4833,130.0929,130.0929,0,,0,71.9517
2025-01-01T15:30:00,4,489.53,23.55,38.08,53.4324,55.0041,96.1679,96.1679,0,,0,53.4324
2025-01-01T15:30:00,5,221.28,25.93,32.47,18.1672,18.6954,27.0483,27.0483,0,,0,18.1672
2025-01-01T15:30:00,6,592.81,31.28,48.34,145.8814,150.1898,327.3735,327.3735,1,panel_soiling,1,145.8814
2025-01-01T15:30:00,7,665.42,26.06,46.23,34.0614,35.2923,73.2216,73.2216,0,,0,34.0614
2025-01-01T15:30:00,8,193.65,11.56,17.43,7.354,7.5315,20.3651,20.3651,0,,0,7.354
2025-01-01T15:45:00,1,677.26,29.0,48.38,116.7323,119.5955,248.7394,248.7394,0,,0,116.7323
2025-01-01T15:45:00,2,540.33,12.71,28.99,40.9787,42.3797,95.4699,95.4699,0,,0,40.9787
2025-01-01T15:45:00,3,534.25,18.95,33.65,74.1649,76.2721,148.6341,148.6341,0,,0,74.1649
2025-01-01T15:45:00,4,547.23,21.8,38.09,59.6564,61.5559,111.082,111.082,0,,0,59.6564
2025-01-01T15:45:00,5,256.27,23.83,31.3,20.9728,21.8501,32.2915,32.2915,0,,0,20.9728
2025-01-01T15:45:00,6,635.31,30.18,48.75,155.2131,160.6967,366.1768,366.1768,1,panel_soiling,1,155.2131
2025-01-01T15:45:00,7,678.0,23.98,44.45,35.5908,36.2785,82.1193,82.1193,0,,0,35.5908
2025-01-01T15:45:00,8,226.29,10.1,16.96,10.1292,10.3924,22.8974,22.8974,0,,0,10.1292
2025-01-01T16:00:00,1,708.46,26.96,47.35,121.2996,125.2796,279.0643,279.0643,0,,0,121.2996
2025-01-01T16:00:00,2,545.29,12.13,28.55,41.1663,42.9406,105.7615,105.7615,0,,0,41.1663
2025-01-01T16:00:00,3,572.28,20.0,35.5,79.5653,81.3222,168.5255,168.5255,0,,0,79.5653
2025-01-01T16:00:00,4,611.76,22.34,40.76,65.9765,67.9553,127.5761,127.5761,0,,0,65.9765
2025-01-01T16:00:00,5,297.37,25.88,34.55,24.287,24.8146,38.3632,38.3632,0,,0,24.287
2025-01-01T16:00:00,6,673.22,31.34,50.74,163.9359,169.2582,407.1608,407.1608,1,panel_soiling,1,163.9359
2025-01-01T16:00:00,7,677.53,24.46,45.0,35.2395,36.2032,90.9292,90.9292,0,,0,35.2395
2025-01-01T16:00:00,8,260.72,8.08,15.99,11.7936,12.0398,25.8458,25.8458,0,,0,11.7936
2025-01-01T16:15:00,1,727.58,28.05,48.98,123.3504,127.186,309.9019,309.9019,0,,0,123.3504
2025-01-01T16:15:00,2,575.1,10.1,27.33,43.8103,45.3662,116.714,116.714,0,,0,43.8103
2025-01-01T16:15:00,3,583.42,18.77,34.33,80.8432,83.8369,188.7363,188.7363,0,,0,80.8432
2025-01-01T16:15:00,4,675.24,21.47,41.65,72.4521,74.9342,145.6891,145.6891,0,,0,72.4521
2025-01-01T16:15:00,5,353.38,25.03,35.37,28.4458,29.5718,45.4747,45.4747,0,,0,28.4458
2025-01-01T16:15:00,6,711.6,30.73,51.41,172.1502,178.0286,450.1983,450.1983,1,panel_soiling,1,172.1502
2025-01-01T16:15:00,7,668.21,22.8,42.99,34.9013,35.9514,99.6545,99.6545,0,,0,34.9013
2025-01-01T16:15:00,8,277.53,8.49,16.9,12.3563,12.8221,28.9349,28.9349,0,,0,12.3563
2025-01-01T16:30:00,1,745.83,26.05,47.78,129.062,131.713,342.1674,342.1674,0,,0,129.062
2025-01-01T16:30:00,2,577.12,10.4,27.61,43.7819,45.2058,127.6595,127.6595,0,,0,43.7819
2025-01-01T16:30:00,3,584.84,18.69,34.23,81.1519,83.2234,209.0242,209.0242,0,,0,81.1519
2025-01-01T16:30:00,4,714.32,24.2,45.47,76.1019,77.8325,164.7146,164.7146,0,,0,76.1019
2025-01-01T16:30:00,5,389.43,22.76,34.21,31.7792,32.5036,53.4195,53.4195,0,,0,31.7792
2025-01-01T16:30:00,6,735.12,29.86,50.88,178.7411,184.0615,494.8836,494.8836,1,panel_soiling,1,178.7411
2025-01-01T16:30:00,7,670.22,23.55,43.42,35.1071,36.167,108.4313,108.4313,0,,0,35.1071
2025-01-01T16:30:00,8,308.96,8.06,17.43,13.8279,14.1903,32.3919,32.3919,0,,0,13.8279
2025-01-01T16:45:00,1,748.6,25.7,47.4,127.8937,132.8091,374.1408,374.1408,0,,0,127.8937
2025-01-01T16:45:00,2,568.02,9.49,26.36,43.0836,44.8034,138.4304,138.4304,0,,0,43.0836
2025-01-01T16:45:00,3,606.82,18.99,35.24,84.4692,86.4618,230.1415,230.1415,0,,0,84.4692
2025-01-01T16:45:00,4,771.56,19.85,42.56,82.5629,85.2655,185.3553,185.3553,0,,0,82.5629
2025-01-01T16:45:00,5,455.91,23.49,36.73,36.8268,37.7266,62.6262,62.6262,0,,0,36.8268
2025-01-01T16:45:00,6,756.98,29.04,50.85,186.1159,189.845,541.4126,541.4126,1,panel_soiling,1,186.1159
2025-01-01T16:45:00,7,654.05,23.14,42.66,34.161,35.4137,116.9715,116.9715,0,,0,34.161
2025-01-01T16:45:00,8,320.94,8.51,18.24,14.1444,14.7855,35.928,35.928,0,,0,14.1444
2025-01-01T17:00:00,1,734.87,25.51,46.92,127.1592,130.5224,405.9306,405.9306,0,,0,127.1592
2025-01-01T17:00:00,2,578.22,9.85,27.08,44.2921,45.6746,149.5034,149.5034,0,,0,44.2921
2025-01-01T17:00:00,3,597.48,16.65,32.63,83.8276,86.4006,251.0984,251.0984,0,,0,83.8276
2025-01-01T17:00:00,4,821.77,21.36,45.61,87.1038,89.429,207.1313,207.1313,0,,0,87.1038
2025-01-01T17:00:00,5,516.26,22.34,37.26,41.2624,42.54,72.9418,72.9418,0,,0,41.2624
2025-01-01T17:00:00,6,761.7,28.6,50.35,186.4289,191.2127,588.0198,588.0198,1,panel_soiling,1,186.4289
2025-01-01T17:00:00,7,643.94,21.33,40.44,34.1476,35.2179,125.5084,125.5084,0,,0,34.1476
2025-01-01T17:00:00,8,349.48,6.54,17.14,15.5024,16.0624,39.8036,39.8036,0,,0,15.5024
2025-01-01T17:15:00,1,721.39,25.59,47.0,124.551,128.6897,437.0684,437.0684,0,,0,124.551
2025-01-01T17:15:00,2,578.07,8.54,25.79,44.1493,45.6671,160.5408,160.5408,0,,0,44.1493
2025-01-01T17:15:00,3,590.5,14.58,30.4,82.7686,85.6856,271.7906,271.7906,0,,0,82.7686
2025-01-01T17:15:00,4,854.03,20.87,46.06,89.5127,92.2905,229.5094,229.5094,0,,0,89.5127
2025-01-01T17:15:00,5,548.91,21.63,37.59,44.0355,45.5323,83.9506,83.9506,0,,0,44.0355
2025-01-01T17:15:00,6,757.32,26.86,48.36,187.495,191.3657,634.8936,634.8936,1,panel_soiling,1,187.495
2025-01-01T17:15:00,7,624.04,20.73,39.12,33.2637,34.2112,133.8244,133.8244,0,,0,33.2637
2025-01-01T17:15:00,8,398.41,7.0,19.08,17.7084,18.1345,44.2307,44.2307,0,,0,17.7084
2025-01-01T17:30:00,1,705.35,25.51,46.78,121.5339,125.3261,467.4519,467.4519,0,,0,121.5339
2025-01-01T17:30:00,2,573.67,7.41,24.65,44.4888,45.7464,171.6629,171.6629,0,,0,44.4888
2025-01-01T17:30:00,3,585.15,17.51,33.19,82.0459,83.6079,292.302,292.302,0,,0,82.0459
2025-01-01T17:30:00,4,872.53,19.4,45.01,92.4934,95.5289,252.6328,252.6328,0,,0,92.4934
2025-01-01T17:30:00,5,579.08,23.33,40.3,45.6983,46.9716,95.3752,95.3752,0,,0,45.6983
2025-01-01T17:30:00,6,746.46,27.35,48.59,184.0904,188.2972,680.9162,680.9162,1,panel_soiling,1,184.0904
2025-01-01T17:30:00,7,601.81,19.51,37.31,32.4255,33.3275,141.9307,141.9307,0,,0,32.4255
2025-01-01T17:30:00,8,424.0,6.04,18.9,18.964,19.3794,48.9717,48.9717,0,,0,18.964
2025-01-01T17:45:00,1,681.35,24.09,44.58,119.289,122.6915,497.2741,497.2741,0,,0,119.289
2025-01-01T17:45:00,2,562.69,6.44,23.32,43.9966,45.0385,182.6621,182.6621,0,,0,43.9966
2025-01-01T17:45:00,3,587.89,16.18,31.83,83.0384,85.3019,313.0616,313.0616,0,,0,83.0384
2025-01-01T17:45:00,4,893.0,18.45,44.69,94.4776,97.6885,276.2522,276.2522,0,,0,94.4776
2025-01-01T17:45:00,5,605.78,22.73,40.39,47.985,49.4219,107.3715,107.3715,0,,0,47.985
2025-01-01T17:45:00,6,722.14,26.83,47.71,179.092,184.5474,725.6892,725.6892,1,panel_soiling,1,179.092
2025-01-01T17:45:00,7,577.8,18.28,35.35,31.2134,32.3556,149.7341,149.7341,0,,0,31.2134
2025-01-01T17:45:00,8,451.7,4.92,18.61,20.1658,20.7489,54.0132,54.0132,0,,0,20.1658
2025-01-01T18:00:00,1,639.13,24.27,43.46,112.4125,115.1262,525.3772,525.3772,0,,0,112.4125
2025-01-01T18:00:00,2,549.39,8.04,24.69,42.2232,43.9334,193.2179,193.2179,0,,0,42.2232
2025-01-01T18:00:00,3,579.34,14.08,29.47,81.9891,84.5215,333.5589,333.5589,0,,0,81.9891
2025-01-01T18:00:00,4,900.89,18.06,44.57,95.6932,98.8255,300.1755,300.1755,0,,0,95.6932
2025-01-01T18:00:00,5,624.05,21.06,39.0,49.2955,51.2885,119.6953,119.6953,0,,0,49.2955
2025-01-01T18:00:00,6,706.77,25.99,46.49,175.5164,181.0577,769.5683,769.5683,1,panel_soiling,1,175.5164
2025-01-01T18:00:00,7,546.48,18.04,34.21,29.8827,30.5336,157.2048,157.2048,0,,0,29.8827
2025-01-01T18:00:00,8,480.09,3.29,17.84,21.325,22.0984,59.3444,59.3444,0,,0,21.325
2025-01-01T18:15:00,1,621.01,24.38,43.05,109.0139,112.4546,552.6307,552.6307,0,,0,109.0139
2025-01-01T18:15:00,2,542.01,6.15,22.48,42.1319,43.5272,203.7509,203.7509,0,,0,42.1319
2025-01-01T18:15:00,3,590.46,14.47,30.16,83.7959,85.4588,354.5079,354.5079,0,,0,83.7959
2025-01-01T18:15:00,4,859.63,17.73,43.33,91.8601,94.9154,323.1405,323.1405,0,,0,91.8601
2025-01-01T18:15:00,5,621.58,20.96,38.83,49.855,51.0208,132.1591,132.1591,0,,0,49.855
2025-01-01T18:15:00,6,674.43,26.15,45.54,168.7195,174.3502,811.7481,811.7481,1,panel_soiling,1,168.7195
2025-01-01T18:15:00,7,519.89,18.82,34.31,28.0417,29.2324,164.2152,164.2152,0,,0,28.0417
2025-01-01T18:15:00,8,509.09,1.87,17.31,22.7163,23.3432,65.0235,65.0235,0,,0,22.7163
2025-01-01T18:30:00,1,574.47,22.46,39.53,101.4546,105.3771,577.9944,577.9944,0,,0,101.4546
2025-01-01T18:30:00,2,522.99,4.99,20.8,40.842,42.3088,213.9614,213.9614,0,,0,40.842
2025-01-01T18:30:00,3,581.49,14.2,29.76,83.1608,84.8888,375.2981,375.2981,0,,0,83.1608
2025-01-01T18:30:00,4,827.61,18.03,42.38,88.9094,91.1809,345.3679,345.3679,0,,0,88.9094
2025-01-01T18:30:00,5,605.58,19.36,36.8,48.2633,50.2311,144.2249,144.2249,0,,0,48.2633
2025-01-01T18:30:00,6,643.83,25.74,44.42,161.3173,166.1412,852.0775,852.0775,1,panel_soiling,1,161.3173
2025-01-01T18:30:00,7,497.96,16.96,31.83,27.3503,28.1407,171.0528,171.0528,0,,0,27.3503
2025-01-01T18:30:00,8,538.67,3.74,20.07,23.773,24.4404,70.9667,70.9667,0,,0,23.773
2025-01-01T18:45:00,1,540.06,23.35,39.4,96.4285,99.2819,602.1015,602.1015,0,,0,96.4285
2025-01-01T18:45:00,2,521.83,4.63,20.34,41.4011,42.151,224.3116,224.3116,0,,0,41.4011
2025-01-01T18:45:00,3,554.75,12.4,27.13,80.0427,81.6337,395.3088,395.3088,0,,0,80.0427
2025-01-01T18:45:00,4,780.79,16.87,39.8,85.1232,87.2995,366.6487,366.6487,0,,0,85.1232
2025-01-01T18:45:00,5,594.98,20.48,37.61,47.5848,49.1359,156.1211,156.1211,0,,0,47.5848
2025-01-01T18:45:00,6,606.73,24.62,42.14,153.0743,157.8789,890.346,890.346,1,panel_soiling,1,153.0743
2025-01-01T18:45:00,7,467.81,15.75,29.69,25.6409,26.7134,177.463,177.463,0,,0,25.6409
2025-01-01T18:45:00,8,557.98,1.78,18.69,24.7491,25.4936,77.154,77.154,0,,0,24.7491
2025-01-01T19:00:00,1,492.04,20.62,34.97,89.499,91.7113,624.4762,624.4762,0,,0,89.499
2025-01-01T19:00:00,2,494.45,4.57,19.48,39.1442,40.1006,234.0977,234.0977,0,,0,39.1442
2025-01-01T19:00:00,3,540.53,13.25,27.61,77.068,79.6984,414.5758,414.5758,0,,0,77.068
2025-01-01T19:00:00,4,747.59,17.2,39.06,80.8296,83.6015,386.8561,386.8561,0,,0,80.8296
2025-01-01T19:00:00,5,521.52,18.55,33.38,42.7411,43.7046,166.8064,166.8064,0,,0,42.7411
2025-01-01T19:00:00,6,565.82,24.76,41.24,143.2242,147.7707,926.1521,926.1521,1,panel_soiling,1,143.2242
2025-01-01T19:00:00,7,460.34,16.12,29.81,25.4281,26.1494,183.82,183.82,0,,0,25.4281
2025-01-01T19:00:00,8,571.34,0.78,18.1,25.4092,26.277,83.5063,83.5063,0,,0,25.4092
2025-01-01T19:15:00,1,511.26,20.49,35.39,91.7753,95.3445,647.42,647.42,0,,0,91.7753
2025-01-01T19:15:00,2,469.67,3.34,17.57,37.1904,38.4836,243.3953,243.3953,0,,0,37.1904
2025-01-01T19:15:00,3,516.62,12.01,25.73,74.7177,76.7085,433.2552,433.2552,0,,0,74.7177
2025-01-01T19:15:00,4,697.26,15.41,35.61,76.8674,79.3171,406.0729,406.0729,0,,0,76.8674
2025-01-01T19:15:00,5,490.76,18.38,32.34,40.105,41.3499,176.8326,176.8326,0,,0,40.105
2025-01-01T19:15:00,6,515.76,23.6,38.5,133.7291,136.3445,959.5844,959.5844,1,panel_soiling,1,133.7291
2025-01-01T19:15:00,7,435.49,15.98,28.93,24.3246,24.9117,189.9012,189.9012,0,,0,24.3246
2025-01-01T19:15:00,8,520.02,0.54,16.3,23.2535,24.0154,89.3197,89.3197,0,,0,23.2535
2025-01-01T19:30:00,1,468.12,21.78,35.5,84.6741,87.5461,668.5886,668.5886,0,,0,84.6741
2025-01-01T19:30:00,2,463.9,3.0,16.98,36.8591,38.0659,252.6101,252.6101,0,,0,36.8591
2025-01-01T19:30:00,3,488.57,11.24,24.22,71.0124,72.8887,451.0083,451.0083,0,,0,71.0124
2025-01-01T19:30:00,4,643.08,17.25,35.8,71.0124,73.179,423.826,423.826,0,,0,71.0124
2025-01-01T19:30:00,5,451.1,19.68,32.36,36.7252,38.1591,186.014,186.014,0,,0,36.7252
2025-01-01T19:30:00,6,469.57,24.07,37.68,119.7064,124.8383,989.511,989.511,1,panel_soiling,1,119.7064
2025-01-01T19:30:00,7,402.31,15.57,27.48,22.4269,23.1645,195.5079,195.5079,0,,0,22.4269
2025-01-01T19:30:00,8,508.89,0.06,15.49,22.9124,23.6072,95.0478,95.0478,0,,0,22.9124
2025-01-01T19:45:00,1,426.54,20.58,33.32,76.7041,80.5767,687.7646,687.7646,0,,0,76.7041
2025-01-01T19:45:00,2,421.97,2.08,14.85,33.4041,34.9853,260.9611,260.9611,0,,0,33.4041
2025-01-01T19:45:00,3,451.67,10.62,22.61,65.5808,67.8554,467.4035,467.4035,0,,0,65.5808
2025-01-01T19:45:00,4,590.81,15.85,32.67,65.4489,68.1349,440.1883,440.1883,0,,0,65.4489
2025-01-01T19:45:00,5,410.28,18.3,29.7,33.8396,34.9983,194.4738,194.4738,0,,0,33.8396
2025-01-01T19:45:00,6,425.12,23.06,35.27,111.3349,113.9047,1017.3447,1017.3447,1,panel_soiling,1,111.3349
2025-01-01T19:45:00,7,377.5,14.05,25.29,21.215,21.8594,200.8117,200.8117,0,,0,21.215
2025-01-01T19:45:00,8,480.0,0.12,14.67,21.4849,22.2367,100.419,100.419,0,,0,21.4849
2025-01-01T20:00:00,1,383.07,20.76,32.19,70.5041,72.2333,705.3906,705.3906,0,,0,70.5041
2025-01-01T20:00:00,2,383.31,2.04,13.66,30.916,31.7791,268.6901,268.6901,0,,0,30.916
2025-01-01T20:00:00,3,421.32,11.06,22.26,61.4557,63.2192,482.7674,482.7674,0,,0,61.4557
2025-01-01T20:00:00,4,529.65,16.33,31.46,59.2493,61.1808,455.0006,455.0006,0,,0,59.2493
2025-01-01T20:00:00,5,375.09,17.12,27.6,31.1846,32.2859,202.27,202.27,0,,0,31.1846
2025-01-01T20:00:00,6,378.63,22.52,33.38,99.4727,102.5096,1042.2129,1042.2129,1,panel_soiling,1,99.4727
2025-01-01T20:00:00,7,338.53,13.9,24.04,19.1681,19.7094,205.6037,205.6037,0,,0,19.1681
2025-01-01T20:00:00,8,455.44,-1.3,12.5,20.6242,21.2999,105.5751,105.5751,0,,0,20.6242
2025-01-01T20:15:00,1,342.12,20.87,31.09,63.4916,64.643,721.2635,721.2635,0,,0,63.4916
2025-01-01T20:15:00,2,352.12,2.38,13.05,28.223,29.4431,275.7458,275.7458,0,,0,28.223
2025-01-01T20:15:00,3,384.78,9.83,20.05,56.2991,58.4917,496.8422,496.8422,0,,0,56.2991
2025-01-01T20:15:00,4,476.5,15.16,28.75,54.0006,55.985,468.5008,468.5008,0,,0,54.0006
2025-01-01T20:15:00,5,322.57,19.14,28.12,27.031,27.535,209.0277,209.0277,0,,0,27.031
2025-01-01T20:15:00,6,322.27,23.65,32.95,84.7341,87.2676,1063.3964,1063.3964,1,panel_soiling,1,84.7341
2025-01-01T20:15:00,7,312.41,14.69,24.07,17.6262,18.2358,210.0102,210.0102,0,,0,17.6262
2025-01-01T20:15:00,8,412.54,-1.58,10.92,18.9785,19.4072,110.3197,110.3197,0,,0,18.9785
2025-01-01T20:30:00,1,301.71,20.54,29.57,55.6497,57.5095,735.1759,735.1759,0,,0,55.6497
2025-01-01T20:30:00,2,311.64,1.59,11.04,25.1103,26.2507,282.0234,282.0234,0,,0,25.1103
2025-01-01T20:30:00,3,340.2,10.0,19.03,50.1994,51.9205,509.3921,509.3921,0,,0,50.1994
2025-01-01T20:30:00,4,410.26,14.87,26.71,47.1545,48.1918,480.2894,480.2894,0,,0,47.1545
2025-01-01T20:30:00,5,274.14,15.95,23.7,23.266,23.9519,214.8442,214.8442,0,,0,23.266
2025-01-01T20:30:00,6,273.86,23.86,31.73,72.4649,74.354,1081.5126,1081.5126,1,panel_soiling,1,72.4649
2025-01-01T20:30:00,7,281.08,12.85,21.24,16.0438,16.487,214.0212,214.0212,0,,0,16.0438
2025-01-01T20:30:00,8,365.03,-2.06,9.01,16.7231,17.3527,114.5005,114.5005,0,,0,16.7231
2025-01-01T20:45:00,1,258.11,19.04,26.85,48.8656,49.5866,747.3923,747.3923,0,,0,48.8656
2025-01-01T20:45:00,2,267.8,0.45,8.56,22.1389,22.7286,287.5581,287.5581,0,,0,22.1389
2025-01-01T20:45:00,3,302.8,9.26,17.47,44.6512,46.2816,520.5549,520.5549,0,,0,44.6512
2025-01-01T20:45:00,4,356.62,15.49,25.65,40.8593,42.1625,490.5042,490.5042,0,,0,40.8593
2025-01-01T20:45:00,5,322.28,15.23,24.35,27.1331,28.0279,221.6275,221.6275,0,,0,27.1331
2025-01-01T20:45:00,6,231.58,21.95,28.68,61.6559,63.834,1096.9266,1096.9266,1,panel_soiling,1,61.6559
2025-01-01T20:45:00,7,252.44,12.63,20.13,14.6509,14.8788,217.6839,217.6839,0,,0,14.6509
2025-01-01T20:45:00,8,312.75,-2.32,7.16,14.5754,14.9142,118.1443,118.1443,0,,0,14.5754
2025-01-01T21:00:00,1,217.45,20.37,26.95,40.7349,42.0698,757.5761,757.5761,0,,0,40.7349
2025-01-01T21:00:00,2,220.29,-0.5,6.18,18.3319,18.9462,292.1411,292.1411,0,,0,18.3319
2025-01-01T21:00:00,3,260.95,10.42,17.6,38.8792,39.8674,530.2747,530.2747,0,,0,38.8792
2025-01-01T21:00:00,4,305.19,14.54,23.32,35.4764,36.6381,499.3733,499.3733,0,,0,35.4764
2025-01-01T21:00:00,5,262.49,15.16,22.56,22.3297,23.0752,227.2099,227.2099,0,,0,22.3297
2025-01-01T21:00:00,6,185.8,21.7,27.13,41.826,43.7043,1107.3831,1107.3831,1,panel_soiling,1,41.826
2025-01-01T21:00:00,7,218.73,11.95,18.47,12.7549,12.9747,220.8726,220.8726,0,,0,12.7549
2025-01-01T21:00:00,8,259.7,-2.4,5.47,12.1187,12.4642,121.174,121.174,0,,0,12.1187
2025-01-01T21:15:00,1,183.16,21.92,27.46,28.6399,29.6908,764.736,764.736,0,,0,28.6399
2025-01-01T21:15:00,2,180.78,3.62,9.1,12.3983,12.8248,295.2406,295.2406,0,,0,12.3983
2025-01-01T21:15:00,3,226.53,12.32,18.56,33.1746,34.4626,538.5683,538.5683,0,,0,33.1746
2025-01-01T21:15:00,4,245.4,16.62,23.7,28.2604,29.2184,506.4384,506.4384,0,,0,28.2604
2025-01-01T21:15:00,5,224.06,19.07,25.31,18.9337,19.488,231.9433,231.9433,0,,0,18.9337
2025-01-01T21:15:00,6,141.32,23.15,27.33,30.4129,32.2577,1114.9864,1114.9864,1,panel_soiling,1,30.4129
2025-01-01T21:15:00,7,190.06,15.58,21.27,9.1203,9.4851,223.1527,223.1527,0,,0,9.1203
2025-01-01T21:15:00,8,214.71,1.81,8.32,9.854,10.2142,123.6375,123.6375,0,,0,9.854
2025-01-01T21:30:00,1,152.35,21.55,26.16,23.3209,24.3673,770.5663,770.5663,0,,0,23.3209
2025-01-01T21:30:00,2,142.79,4.45,8.78,9.3897,9.9183,297.5881,297.5881,0,,0,9.3897
2025-01-01T21:30:00,3,197.38,11.88,17.37,24.9623,25.6409,544.8089,544.8089,0,,0,24.9623
2025-01-01T21:30:00,4,197.56,17.02,22.75,19.5733,20.1707,511.3317,511.3317,0,,0,19.5733
2025-01-01T21:30:00,5,178.9,17.65,22.68,12.7647,13.2051,235.1345,235.1345,0,,0,12.7647
2025-01-01T21:30:00,6,107.54,22.83,26.01,22.3448,23.9874,1120.5726,1120.5726,1,panel_soiling,1,22.3448
2025-01-01T21:30:00,7,151.06,14.71,19.22,7.0074,7.4772,224.9045,224.9045,0,,0,7.0074
2025-01-01T21:30:00,8,165.92,3.43,8.46,6.3895,6.5961,125.2349,125.2349,0,,0,6.3895
2025-01-01T21:45:00,1,112.67,20.98,24.4,16.5581,17.686,774.7058,774.7058,0,,0,16.5581
2025-01-01T21:45:00,2,105.67,4.12,7.32,6.7274,7.2028,299.2699,299.2699,0,,0,6.7274
2025-01-01T21:45:00,3,162.37,14.76,19.25,19.7015,20.5187,549.7343,549.7343,0,,0,19.7015
2025-01-01T21:45:00,4,151.4,18.04,22.45,14.2891,15.0878,514.904,514.904,0,,0,14.2891
2025-01-01T21:45:00,5,131.78,18.02,21.76,8.9112,9.5165,237.3623,237.3623,0,,0,8.9112
2025-01-01T21:45:00,6,72.64,24.47,26.61,14.2341,15.5612,1124.1311,1124.1311,1,panel_soiling,1,14.2341
2025-01-01T21:45:00,7,118.52,15.81,19.37,5.3336,5.6751,226.2379,226.2379,0,,0,5.3336
2025-01-01T21:45:00,8,125.1,1.97,5.76,4.6236,4.8981,126.3908,126.3908,0,,0,4.6236
2025-01-01T22:00:00,1,85.97,21.32,23.92,12.1033,13.1318,777.7316,777.7316,0,,0,12.1033
2025-01-01T22:00:00,2,68.37,2.39,4.46,4.1669,4.5009,300.3116,300.3116,0,,0,4.1669
2025-01-01T22:00:00,3,117.25,12.59,15.86,13.6521,14.6295,553.1473,553.1473,0,,0,13.6521
2025-01-01T22:00:00,4,112.25,17.09,20.39,10.1748,10.8797,517.4477,517.4477,0,,0,10.1748
2025-01-01T22:00:00,5,93.18,18.13,20.77,6.023,6.4328,238.868,238.868,0,,0,6.023
2025-01-01T22:00:00,6,47.54,23.17,24.56,6.8696,9.8633,1125.8485,1125.8485,1,panel_soiling,1,6.8696
2025-01-01T22:00:00,7,86.49,14.97,17.56,3.7758,4.043,227.1819,227.1819,0,,0,3.7758
2025-01-01T22:00:00,8,84.84,1.45,4.02,2.9677,3.1935,127.1327,127.1327,0,,0,2.9677
2025-01-01T22:15:00,1,52.93,21.64,23.25,5.4485,7.7289,779.0937,779.0937,0,,0,5.4485
2025-01-01T22:15:00,2,41.63,3.77,5.04,1.8271,2.5925,300.7684,300.7684,0,,0,1.8271
2025-01-01T22:15:00,3,83.76,12.95,15.32,9.3177,10.136,555.4767,555.4767,0,,0,9.3177
2025-01-01T22:15:00,4,75.38,16.68,18.9,6.5863,7.0819,519.0943,519.0943,0,,0,6.5863
2025-01-01T22:15:00,5,54.46,17.52,19.07,2.5197,3.6087,239.498,239.498,0,,0,2.5197
2025-01-01T22:15:00,6,25.67,22.71,23.48,3.5455,5.0109,1126.7349,1126.7349,1,panel_soiling,1,3.5455
2025-01-01T22:15:00,7,54.49,15.83,17.46,1.6976,2.4422,227.6063,227.6063,0,,0,1.6976
2025-01-01T22:15:00,8,49.17,1.95,3.44,1.2389,1.7406,127.4424,127.4424,0,,0,1.2389
2025-01-01T22:30:00,1,27.83,20.61,21.45,2.6688,3.8389,779.7609,779.7609,0,,0,2.6688
2025-01-01T22:30:00,2,24.35,3.86,4.6,1.0335,1.4483,301.0268,301.0268,0,,0,1.0335
2025-01-01T22:30:00,3,57.75,12.3,13.97,4.7569,6.7463,556.6659,556.6659,0,,0,4.7569
2025-01-01T22:30:00,4,44.39,16.18,17.51,2.8322,3.9725,519.8023,519.8023,0,,0,2.8322
2025-01-01T22:30:00,5,30.61,18.94,19.81,1.3154,1.9256,239.8268,239.8268,0,,0,1.3154
2025-01-01T22:30:00,6,7.27,24.4,24.61,0.8665,1.2345,1126.9515,1126.9515,1,panel_soiling,1,0.8665
2025-01-01T22:30:00,7,22.53,15.75,16.42,0.6747,0.9428,227.775,227.775,0,,0,0.6747
2025-01-01T22:30:00,8,19.89,0.6,1.21,0.4748,0.6579,127.5611,127.5611,0,,0,0.4748
2025-01-01T22:45:00,1,1.78,21.68,21.73,0.0,0.001,779.7609,779.7609,0,,0,0.0
2025-01-01T22:45:00,2,8.66,3.53,3.8,0.2914,0.4737,301.0996,301.0996,0,,0,0.2914
2025-01-01T22:45:00,3,11.16,10.91,11.23,0.806,1.1039,556.8674,556.8674,0,,0,0.806
2025-01-01T22:45:00,4,21.89,16.37,17.03,1.3098,1.8154,520.1298,520.1298,0,,0,1.3098
2025-01-01T22:45:00,5,4.75,17.26,17.39,0.0098,0.0098,239.8293,239.8293,0,,0,0.0098
2025-01-01T22:45:00,6,2.38,23.96,24.03,0.0191,0.0191,1126.9563,1126.9563,1,panel_soiling,1,0.0191
2025-01-01T22:45:00,7,0.0,15.82,15.82,0.0082,0.0082,227.777,227.777,0,,0,0.0082
2025-01-01T22:45:00,8,3.56,1.62,1.72,0.0,0.0,127.5611,127.5611,0,,0,0.0
2025-01-01T23:00:00,1,0.75,21.9,21.93,0.0398,0.0398,779.7709,779.7709,0,,0,0.0398
2025-01-01T23:00:00,2,0.62,5.88,5.9,0.0,0.0,301.0996,301.0996,0,,0,0.0
2025-01-01T23:00:00,3,2.67,12.94,13.02,0.0,0.0094,556.8674,556.8674,0,,0,0.0
2025-01-01T23:00:00,4,6.93,17.11,17.31,0.3667,0.4944,520.2215,520.2215,0,,0,0.3667
2025-01-01T23:00:00,5,0.0,18.28,18.28,0.0178,0.0178,239.8337,239.8337,0,,0,0.0178
2025-01-01T23:00:00,6,0.41,23.83,23.84,0.0177,0.0177,1126.9607,1126.9607,1,panel_soiling,1,0.0177
2025-01-01T23:00:00,7,1.03,15.18,15.21,0.0,0.0137,227.777,227.777,0,,0,0.0
2025-01-01T23:00:00,8,0.0,2.89,2.89,0.0127,0.0127,127.5643,127.5643,0,,0,0.0127
2025-01-01T23:15:00,1,2.02,22.02,22.08,0.0006,0.0006,779.771,779.771,0,,0,0.0006
2025-01-01T23:15:00,2,0.0,4.43,4.43,0.0221,0.0221,301.1051,301.1051,0,,0,0.0221
2025-01-01T23:15:00,3,0.0,13.06,13.06,0.0494,0.0494,556.8798,556.8798,0,,0,0.0494
2025-01-01T23:15:00,4,0.0,16.74,16.74,0.0,0.0085,520.2215,520.2215,0,,0,0.0
2025-01-01T23:15:00,5,2.84,17.91,17.99,0.0143,0.0143,239.8373,239.8373,0,,0,0.0143
2025-01-01T23:15:00,6,0.54,25.12,25.14,0.0212,0.0212,1126.966,1126.966,1,panel_soiling,1,0.0212
2025-01-01T23:15:00,7,0.81,15.51,15.54,0.0,0.011,227.777,227.777,0,,0,0.0
2025-01-01T23:15:00,8,0.97,1.9,1.93,0.005,0.005,127.5655,127.5655,0,,0,0.005
2025-01-01T23:30:00,1,0.0,21.4,21.4,0.0,0.0012,779.771,779.771,0,,0,0.0
2025-01-01T23:30:00,2,0.0,3.65,3.65,0.0,0.0,301.1051,301.1051,0,,0,0.0
2025-01-01T23:30:00,3,2.41,12.82,12.89,0.0,0.0,556.8798,556.8798,0,,0,0.0
2025-01-01T23:30:00,4,0.0,16.64,16.64,0.0002,0.0002,520.2215,520.2215,0,,0,0.0002
2025-01-01T23:30:00,5,0.02,18.1,18.1,0.0,0.0064,239.8373,239.8373,0,,0,0.0
2025-01-01T23:30:00,6,1.06,24.13,24.16,0.0,0.0,1126.966,1126.966,1,panel_soiling,1,0.0
2025-01-01T23:30:00,7,3.44,15.95,16.05,0.0,0.0075,227.777,227.777,0,,0,0.0
2025-01-01T23:30:00,8,0.0,2.63,2.63,0.0,0.0,127.5655,127.5655,0,,0,0.0
2025-01-01T23:45:00,1,0.0,22.06,22.06,0.0,0.0181,779.771,779.771,0,,0,0.0
2025-01-01T23:45:00,2,0.0,3.94,3.94,0.0,0.0,301.1051,301.1051,0,,0,0.0
2025-01-01T23:45:00,3,0.0,14.27,14.27,0.0,0.0083,556.8798,556.8798,0,,0,0.0
2025-01-01T23:45:00,4,1.54,16.89,16.94,0.0322,0.0322,520.2295,520.2295,0,,0,0.0322
2025-01-01T23:45:00,5,0.66,19.64,19.66,0.0,0.0,239.8373,239.8373,0,,0,0.0
2025-01-01T23:45:00,6,0.69,25.69,25.71,0.0,0.0,1126.966,1126.966,1,panel_soiling,1,0.0
2025-01-01T23:45:00,7,0.0,15.93,15.93,0.0,0.0136,227.777,227.777,0,,0,0.0
2025-01-01T23:45:00,8,0.0,1.51,1.51,0.0103,0.0103,127.5681,127.5681,0,,0,0.0103
2025-01-02T00:00:00,1,0.0,21.54,21.54,0.0,0.024,0.0,779.771,0,,0,0.0
2025-01-02T00:00:00,2,1.28,2.35,2.39,0.0,0.0,0.0,301.1051,0,,0,0.0
2025-01-02T00:00:00,3,0.0,12.55,12.55,0.0462,0.0462,0.0116,556.8913,0,,0,0.0462
2025-01-02T00:00:00,4,0.0,16.61,16.61,0.0088,0.0088,0.0022,520.2317,0,,0,0.0088
2025-01-02T00:00:00,5,0.94,17.12,17.14,0.0288,0.0288,0.0072,239.8445,0,,0,0.0288
2025-01-02T00:00:00,6,2.08,24.12,24.19,0.0015,0.0015,0.0004,1126.9663,1,panel_soiling,1,0.0015
2025-01-02T00:00:00,7,1.39,15.3,15.35,0.0,0.0027,0.0,227.777,0,,0,0.0
2025-01-02T00:00:00,8,0.0,3.17,3.17,0.0,0.0,0.0,127.5681,0,,0,0.0
2025-01-02T00:15:00,1,0.44,22.01,22.02,0.0,0.0,0.0,779.771,0,,0,0.0
2025-01-02T00:15:00,2,0.0,4.96,4.96,0.0166,0.0166,0.0041,301.1093,0,,0,0.0166
2025-01-02T00:15:00,3,2.1,13.27,13.33,0.0089,0.0089,0.0138,556.8936,0,,0,0.0089
2025-01-02T00:15:00,4,0.0,18.04,18.04,0.0086,0.0086,0.0043,520.2339,0,,0,0.0086
2025-01-02T00:15:00,5,0.0,16.27,16.27,0.0,0.0086,0.0072,239.8445,0,,0,0.0
2025-01-02T00:15:00,6,0.0,23.3,23.3,0.0347,0.0347,0.009,1126.975,1,panel_soiling,1,0.0347
2025-01-02T00:15:00,7,0.0,16.18,16.18,0.0008,0.0008,0.0002,227.7772,0,,0,0.0008
2025-01-02T00:15:00,8,0.21,0.64,0.65,0.0,0.0,0.0,127.5681,0,,0,0.0
2025-01-02T00:30:00,1,1.19,21.7,21.74,0.0138,0.0138,0.0034,779.7745,0,,0,0.0138
2025-01-02T00:30:00,2,0.0,3.21,3.21,0.0,0.001,0.0041,301.1093,0,,0,0.0
2025-01-02T00:30:00,3,3.86,13.58,13.69,0.0,0.0142,0.0138,556.8936,0,,0,0.0
2025-01-02T00:30:00,4,0.65,16.35,16.37,0.0,0.0079,0.0043,520.2339,0,,0,0.0
2025-01-02T00:30:00,5,3.39,17.79,17.89,0.0,0.0,0.0072,239.8445,0,,0,0.0
2025-01-02T00:30:00,6,0.0,24.64,24.64,0.0,0.0,0.009,1126.975,1,panel_soiling,1,0.0
2025-01-02T00:30:00,7,4.45,15.15,15.28,0.0,0.0,0.0002,227.7772,0,,0,0.0
2025-01-02T00:30:00,8,0.0,1.32,1.32,0.0,0.004,0.0,127.5681,0,,0,0.0
2025-01-02T00:45:00,1,0.0,22.34,22.34,0.0024,0.0024,0.004,779.7751,0,,0,0.0024
2025-01-02T00:45:00,2,0.0,2.74,2.74,0.0056,0.0056,0.0056,301.1107,0,,0,0.0056
2025-01-02T00:45:00,3,0.0,13.76,13.76,0.0239,0.0239,0.0198,556.8996,0,,0,0.0239
2025-01-02T00:45:00,4,3.47,16.51,16.61,0.0035,0.0035,0.0052,520.2348,0,,0,0.0035
2025-01-02T00:45:00,5,0.0,16.79,16.79,0.0271,0.0271,0.014,239.8513,0,,0,0.0271
2025-01-02T00:45:00,6,0.41,23.99,24.0,0.0,0.0164,0.009,1126.975,1,panel_soiling,1,0.0
2025-01-02T00:45:00,7,0.0,16.74,16.74,0.0,0.0,0.0002,227.7772,0,,0,0.0
2025-01-02T00:45:00,8,0.0,-0.57,-0.57,0.0377,0.0377,0.0094,127.5776,0,,0,0.0377
2025-01-02T01:00:00,1,0.64,22.24,22.26,0.0,0.0058,0.004,779.7751,0,,0,0.0
2025-01-02T01:00:00,2,0.0,3.32,3.32,0.0129,0.0129,0.0088,301.1139,0,,0,0.0129
2025-01-02T01:00:00,3,1.02,13.16,13.19,0.017,0.017,0.024,556.9038,0,,0,0.017
2025-01-02T01:00:00,4,0.0,15.6,15.6,0.0,0.0,0.0052,520.2348,0,,0,0.0
2025-01-02T01:00:00,5,0.2,17.36,17.37,0.0,0.0,0.014,239.8513,0,,0,0.0
2025-01-02T01:00:00,6,1.97,24.85,24.9,0.0,0.0057,0.009,1126.975,1,panel_soiling,1,0.0
2025-01-02T01:00:00,7,0.44,14.57,14.58,0.0046,0.0046,0.0013,227.7784,0,,0,0.0046
2025-01-02T01:00:00,8,1.01,0.98,1.01,0.0014,0.0095,0.0098,127.5779,0,,0,0.0014
2025-01-02T01:15:00,1,2.3,20.3,20.37,0.0,0.0087,0.004,779.7751,0,,0,0.0
2025-01-02T01:15:00,2,0.0,3.46,3.46,0.0,0.0074,0.0088,301.1139,0,,0,0.0
2025-01-02T01:15:00,3,0.51,14.59,14.61,0.0046,0.0156,0.0252,556.9049,0,,0,0.0046
2025-01-02T01:15:00,4,0.0,17.9,17.9,0.0,0.0,0.0052,520.2348,0,,0,0.0
2025-01-02T01:15:00,5,0.0,17.58,17.58,0.0,0.0051,0.014,239.8513,0,,0,0.0
2025-01-02T01:15:00,6,0.59,24.7,24.72,0.0,0.0068,0.009,1126.975,1,panel_soiling,1,0.0
2025-01-02T01:15:00,7,1.04,18.1,18.14,0.0006,0.0006,0.0015,227.7785,0,,0,0.0006
2025-01-02T01:15:00,8,0.0,0.97,0.97,0.0,0.0018,0.0098,127.5779,0,,0,0.0
2025-01-02T01:30:00,1,2.51,20.73,20.81,0.0176,0.0176,0.0085,779.7795,0,,0,0.0176
2025-01-02T01:30:00,2,1.67,5.42,5.47,0.0053,0.0053,0.0101,301.1152,0,,0,0.0053
2025-01-02T01:30:00,3,0.61,12.78,12.8,0.0183,0.0183,0.0298,556.9095,0,,0,0.0183
2025-01-02T01:30:00,4,0.7,16.22,16.24,0.0042,0.0042,0.0063,520.2358,0,,0,0.0042
2025-01-02T01:30:00,5,0.38,16.7,16.71,0.031,0.031,0.0217,239.859,0,,0,0.031
2025-01-02T01:30:00,6,1.08,24.18,24.21,0.0,0.0,0.009,1126.975,1,panel_soiling,1,0.0
2025-01-02T01:30:00,7,2.41,16.03,16.1,0.0,0.0,0.0015,227.7785,0,,0,0.0
2025-01-02T01:30:00,8,1.5,0.39,0.43,0.0297,0.0297,0.0172,127.5853,0,,0,0.0297
2025-01-02T01:45:00,1,0.45,21.55,21.57,0.0,0.0021,0.0085,779.7795,0,,0,0.0
2025-01-02T01:45:00,2,1.82,2.32,2.37,0.0192,0.0192,0.0149,301.12,0,,0,0.0192
2025-01-02T01:45:00,3,0.69,13.66,13.68,0.0106,0.0106,0.0324,556.9122,0,,0,0.0106
2025-01-02T01:45:00,4,0.21,15.09,15.1,0.0,0.0,0.0063,520.2358,0,,0,0.0
2025-01-02T01:45:00,5,0.0,18.73,18.73,0.0052,0.0229,0.023,239.8603,0,,0,0.0052
2025-01-02T01:45:00,6,0.0,22.88,22.88,0.0,0.0,0.009,1126.975,1,panel_soiling,1,0.0
2025-01-02T01:45:00,7,2.9,15.09,15.17,0.0178,0.0178,0.0059,227.783,0,,0,0.0178
2025-01-02T01:45:00,8,0.0,1.11,1.11,0.0083,0.0083,0.0193,127.5874,0,,0,0.0083
2025-01-02T02:00:00,1,0.0,21.99,21.99,0.0009,0.0009,0.0087,779.7797,0,,0,0.0009
2025-01-02T02:00:00,2,2.17,4.13,4.19,0.0,0.0,0.0149,301.12,0,,0,0.0
2025-01-02T02:00:00,3,0.78,12.38,12.4,0.0,0.0,0.0324,556.9122,0,,0,0.0
2025-01-02T02:00:00,4,0.0,17.31,17.31,0.032,0.032,0.0143,520.2438,0,,0,0.032
2025-01-02T02:00:00,5,0.44,18.86,18.87,0.0124,0.0126,0.0261,239.8634,0,,0,0.0124
2025-01-02T02:00:00,6,0.54,24.47,24.49,0.0,0.0,0.009,1126.975,1,panel_soiling,1,0.0
2025-01-02T02:00:00,7,0.0,16.44,16.44,0.0086,0.0086,0.0081,227.7851,0,,0,0.0086
2025-01-02T02:00:00,8,0.0,1.2,1.2,0.0241,0.0241,0.0253,127.5934,0,,0,0.0241
2025-01-02T02:15:00,1,0.0,22.84,22.84,0.0302,0.0302,0.0162,779.7873,0,,0,0.0302
2025-01-02T02:15:00,2,0.17,2.82,2.83,0.0067,0.015,0.0166,301.1217,0,,0,0.0067
2025-01-02T02:15:00,3,1.42,13.7,13.74,0.0128,0.0128,0.0356,556.9154,0,,0,0.0128
2025-01-02T02:15:00,4,0.0,13.89,13.89,0.0439,0.0439,0.0252,520.2548,0,,0,0.0439
2025-01-02T02:15:00,5,0.0,18.08,18.08,0.0,0.0006,0.0261,239.8634,0,,0,0.0
2025-01-02T02:15:00,6,0.0,24.27,24.27,0.0,0.0,0.009,1126.975,1,panel_soiling,1,0.0
2025-01-02T02:15:00,7,0.0,16.3,16.3,0.0,0.0059,0.0081,227.7851,0,,0,0.0
2025-01-02T02:15:00,8,0.0,0.32,0.32,0.0,0.0088,0.0253,127.5934,0,,0,0.0
2025-01-02T02:30:00,1,2.7,22.02,22.1,0.0,0.0094,0.0162,779.7873,0,,0,0.0
2025-01-02T02:30:00,2,1.47,4.69,4.73,0.002,0.002,0.0171,301.1222,0,,0,0.002
2025-01-02T02:30:00,3,0.0,14.5,14.5,0.0,0.0,0.0356,556.9154,0,,0,0.0
2025-01-02T02:30:00,4,0.0,16.25,16.25,0.0,0.0149,0.0252,520.2548,0,,0,0.0
2025-01-02T02:30:00,5,0.0,18.21,18.21,0.024,0.024,0.0321,239.8694,0,,0,0.024
2025-01-02T02:30:00,6,0.0,26.01,26.01,0.0263,0.0263,0.0156,1126.9816,1,panel_soiling,1,0.0263
2025-01-02T02:30:00,7,0.0,13.7,13.7,0.0022,0.0022,0.0086,227.7857,0,,0,0.0022
2025-01-02T02:30:00,8,1.72,1.7,1.75,0.0386,0.0386,0.035,127.6031,0,,0,0.0386
2025-01-02T02:45:00,1,0.7,22.42,22.44,0.0,0.0,0.0162,779.7873,0,,0,0.0
2025-01-02T02:45:00,2,0.0,4.82,4.82,0.0,0.0,0.0171,301.1222,0,,0,0.0
2025-01-02T02:45:00,3,0.0,13.37,13.37,0.0499,0.0499,0.0481,556.9278,0,,0,0.0499
2025-01-02T02:45:00,4,0.57,14.71,14.73,0.0053,0.0053,0.0266,520.2561,0,,0,0.0053
2025-01-02T02:45:00,5,0.58,20.7,20.72,0.0004,0.0028,0.0322,239.8695,0,,0,0.0004
2025-01-02T02:45:00,6,0.0,22.77,22.77,0.0,0.0,0.0156,1126.9816,1,panel_soiling,1,0.0
2025-01-02T02:45:00,7,0.0,17.64,17.64,0.0,0.027,0.0086,227.7857,0,,0,0.0
2025-01-02T02:45:00,8,0.0,0.37,0.37,0.014,0.014,0.0385,127.6066,0,,0,0.014
2025-01-02T03:00:00,1,0.0,22.6,22.6,0.0,0.0089,0.0162,779.7873,0,,0,0.0
2025-01-02T03:00:00,2,0.88,4.43,4.46,0.027,0.027,0.0238,301.129,0,,0,0.027
2025-01-02T03:00:00,3,0.0,14.08,14.08,0.0,0.0,0.0481,556.9278,0,,0,0.0
2025-01-02T03:00:00,4,0.0,16.26,16.26,0.022,0.022,0.0321,520.2616,0,,0,0.022
2025-01-02T03:00:00,5,0.14,18.47,18.47,0.0,0.0,0.0322,239.8695,0,,0,0.0
2025-01-02T03:00:00,6,0.58,24.41,24.43,0.0141,0.0141,0.0191,1126.9851,1,panel_soiling,1,0.0141
2025-01-02T03:00:00,7,1.65,17.14,17.18,0.0,0.002,0.0086,227.7857,0,,0,0.0
2025-01-02T03:00:00,8,5.64,2.02,2.19,0.1112,0.1671,0.0663,127.6344,0,,0,0.1112
2025-01-02T03:15:00,1,0.0,20.36,20.36,0.0,0.0113,0.0162,779.7873,0,,0,0.0
2025-01-02T03:15:00,2,0.0,5.43,5.43,0.0,0.0,0.0238,301.129,0,,0,0.0
2025-01-02T03:15:00,3,1.06,12.16,12.19,0.0025,0.0025,0.0487,556.9285,0,,0,0.0025
2025-01-02T03:15:00,4,0.97,16.49,16.52,0.0,0.0113,0.0321,520.2616,0,,0,0.0
2025-01-02T03:15:00,5,0.0,19.05,19.05,0.0106,0.0106,0.0349,239.8722,0,,0,0.0106
2025-01-02T03:15:00,6,3.34,23.92,24.02,0.027,0.027,0.0259,1126.9919,1,panel_soiling,1,0.027
2025-01-02T03:15:00,7,1.05,16.81,16.84,0.0067,0.0067,0.0103,227.7873,0,,0,0.0067
2025-01-02T03:15:00,8,0.0,1.56,1.56,0.0,0.0045,0.0663,127.6344,0,,0,0.0
2025-01-02T03:30:00,1,0.59,22.17,22.19,0.0,0.0,0.0162,779.7873,0,,0,0.0
2025-01-02T03:30:00,2,0.12,5.21,5.22,0.0,0.0023,0.0238,301.129,0,,0,0.0
2025-01-02T03:30:00,3,2.07,11.97,12.03,0.0,0.0,0.0487,556.9285,0,,0,0.0
2025-01-02T03:30:00,4,0.0,15.14,15.14,0.0008,0.0107,0.0323,520.2618,0,,0,0.0008
2025-01-02T03:30:00,5,0.0,19.76,19.76,0.0013,0.0032,0.0352,239.8725,0,,0,0.0013
2025-01-02T03:30:00,6,3.8,23.67,23.79,0.0,0.003,0.0259,1126.9919,1,panel_soiling,1,0.0
2025-01-02T03:30:00,7,1.09,17.4,17.43,0.0322,0.0322,0.0183,227.7954,0,,0,0.0322
2025-01-02T03:30:00,8,0.38,0.76,0.77,0.0,0.0,0.0663,127.6344,0,,0,0.0
2025-01-02T03:45:00,1,1.05,22.92,22.95,0.0075,0.0075,0.0181,779.7891,0,,0,0.0075
2025-01-02T03:45:00,2,1.0,4.36,4.39,0.0154,0.0154,0.0277,301.1328,0,,0,0.0154
2025-01-02T03:45:00,3,3.14,11.99,12.08,0.0154,0.0236,0.0525,556.9323,0,,0,0.0154
2025-01-02T03:45:00,4,0.0,15.75,15.75,0.0154,0.0154,0.0361,520.2657,0,,0,0.0154
2025-01-02T03:45:00,5,0.0,19.54,19.54,0.0,0.0181,0.0352,239.8725,0,,0,0.0
2025-01-02T03:45:00,6,0.0,23.52,23.52,0.0,0.0,0.0259,1126.9919,1,panel_soiling,1,0.0
2025-01-02T03:45:00,7,0.0,15.92,15.92,0.0028,0.0028,0.0191,227.7961,0,,0,0.0028
2025-01-02T03:45:00,8,1.44,-1.31,-1.27,0.0195,0.0195,0.0711,127.6393,0,,0,0.0195
2025-01-02T04:00:00,1,0.0,24.02,24.02,0.0218,0.0218,0.0236,779.7946,0,,0,0.0218
2025-01-02T04:00:00,2,3.27,3.91,4.01,0.0033,0.0033,0.0285,301.1336,0,,0,0.0033
2025-01-02T04:00:00,3,0.0,14.2,14.2,0.0,0.0,0.0525,556.9323,0,,0,0.0
2025-01-02T04:00:00,4,0.0,16.71,16.71,0.0071,0.0129,0.0379,520.2674,0,,0,0.0071
2025-01-02T04:00:00,5,0.0,20.45,20.45,0.0,0.0005,0.0352,239.8725,0,,0,0.0
2025-01-02T04:00:00,6,0.87,23.26,23.29,0.0131,0.0131,0.0292,1126.9951,1,panel_soiling,1,0.0131
2025-01-02T04:00:00,7,0.81,15.35,15.37,0.0,0.0027,0.0191,227.7961,0,,0,0.0
2025-01-02T04:00:00,8,0.58,0.93,0.95,0.0,0.0025,0.0711,127.6393,0,,0,0.0
2025-01-02T04:15:00,1,0.71,21.43,21.45,0.0607,0.0607,0.0387,779.8098,0,,0,0.0607
2025-01-02T04:15:00,2,1.14,5.89,5.93,0.0,0.0041,0.0285,301.1336,0,,0,0.0
2025-01-02T04:15:00,3,0.0,14.31,14.31,0.0083,0.0083,0.0546,556.9344,0,,0,0.0083
2025-01-02T04:15:00,4,0.0,18.18,18.18,0.0219,0.0219,0.0434,520.2729,0,,0,0.0219
2025-01-02T04:15:00,5,0.97,18.53,18.55,0.0135,0.0135,0.0386,239.8759,0,,0,0.0135
2025-01-02T04:15:00,6,1.41,23.98,24.02,0.0,0.0094,0.0292,1126.9951,1,panel_soiling,1,0.0
2025-01-02T04:15:00,7,0.86,17.24,17.26,0.0102,0.0102,0.0216,227.7986,0,,0,0.0102
2025-01-02T04:15:00,8,0.0,0.75,0.75,0.0,0.0132,0.0711,127.6393,0,,0,0.0
2025-01-02T04:30:00,1,0.7,21.85,21.88,0.0308,0.0308,0.0464,779.8175,0,,0,0.0308
2025-01-02T04:30:00,2,0.61,1.89,1.91,0.0008,0.0008,0.0287,301.1338,0,,0,0.0008
2025-01-02T04:30:00,3,1.02,13.85,13.88,0.005,0.005,0.0559,556.9356,0,,0,0.005
2025-01-02T04:30:00,4,2.23,15.65,15.71,0.0255,0.0255,0.0497,520.2793,0,,0,0.0255
2025-01-02T04:30:00,5,0.0,18.52,18.52,0.0,0.0,0.0386,239.8759,0,,0,0.0
2025-01-02T04:30:00,6,0.0,24.32,24.32,0.0,0.0143,0.0292,1126.9951,1,panel_soiling,1,0.0
2025-01-02T04:30:00,7,0.0,16.26,16.26,0.0,0.0,0.0216,227.7986,0,,0,0.0
2025-01-02T04:30:00,8,0.0,-0.11,-0.11,0.0052,0.0052,0.0724,127.6406,0,,0,0.0052
2025-01-02T04:45:00,1,1.0,22.93,22.96,0.0,0.0049,0.0464,779.8175,0,,0,0.0
2025-01-02T04:45:00,2,0.61,5.22,5.24,0.0054,0.0054,0.03,301.1352,0,,0,0.0054
2025-01-02T04:45:00,3,0.0,12.33,12.33,0.0,0.0,0.0559,556.9356,0,,0,0.0
2025-01-02T04:45:00,4,0.0,15.14,15.14,0.0,0.0176,0.0497,520.2793,0,,0,0.0
2025-01-02T04:45:00,5,0.0,19.87,19.87,0.0175,0.0175,0.043,239.8803,0,,0,0.0175
2025-01-02T04:45:00,6,1.13,24.29,24.32,0.0,0.0,0.0292,1126.9951,1,panel_soiling,1,0.0
2025-01-02T04:45:00,7,3.27,16.04,16.13,0.0,0.0,0.0216,227.7986,0,,0,0.0
2025-01-02T04:45:00,8,3.59,0.41,0.52,0.0038,0.0038,0.0734,127.6415,0,,0,0.0038
2025-01-02T05:00:00,1,0.0,25.3,25.3,0.0,0.0,0.0464,779.8175,0,,0,0.0
2025-01-02T05:00:00,2,0.0,11.09,11.09,0.0254,0.0254,0.0364,301.1415,0,,0,0.0254
2025-01-02T05:00:00,3,0.0,17.89,17.89,0.0,0.0097,0.0559,556.9356,0,,0,0.0
2025-01-02T05:00:00,4,0.62,20.76,20.78,0.0,0.0,0.0497,520.2793,0,,0,0.0
2025-01-02T05:00:00,5,0.0,23.08,23.08,0.0,0.0138,0.043,239.8803,0,,0,0.0
2025-01-02T05:00:00,6,0.51,27.36,27.38,0.0,0.0041,0.0292,1126.9951,1,panel_soiling,1,0.0
2025-01-02T05:00:00,7,1.51,21.53,21.58,0.0178,0.0178,0.0261,227.8031,0,,0,0.0178
2025-01-02T05:00:00,8,0.64,5.71,5.73,0.0,0.0,0.0734,127.6415,0,,0,0.0
